ID	DOCULECT	LANGUAGE_FAMILY	CONCEPT	VALUE	FORM	TOKENS	DONOR_LANGUAGE	DONOR_VALUE	SOURCE_ID	SOURCE_LANGUAGE	SOURCE_TOKENS
76	Portuguese	Indo-European	AIR	ar	ar	a ʁ					
1757	Spanish	Indo-European	AIR	aire	aire	a i ɾ e					
3507	Yaqui	Uto-Aztecan	AIR	jeeka	jeeka	j eː k a					
4944	ZinacantanTzotzil	Mayan	AIR	7ik’	7ik’	ʔ i kʼ					
6210	Qeqchi	Mayan	AIR	iq’	iq’	i qʼ					
7993	Otomi	Otomanguean	AIR	ndähi	ndähi	n d ɐ h i					
10209	ImbaburaQuechua	Quechuan	AIR	samay	samay	s a m a j					
11367	Wichi	Matacoan	AIR	layalh	layalh	l a j a l̥	Pilagá	layat			
12606	Mapudungun	Araucanian	AIR	kürüf	kürüf	k ɨ ɻ ɨ f					
1571	Portuguese	Indo-European	ARMY	exército	exército	i z ɛ ʁ s i t u					
3339	Spanish	Indo-European	ARMY	ejército	ejército	e x ɛ ɾ s i t o					
3340	Spanish	Indo-European	ARMY	tropas	tropas	t ɾ o p a s					
4801	Yaqui	Uto-Aztecan	ARMY	troopa	troopa	t r oː p a	Spanish	tropa	3340	Spanish	t ɾ o p a s
7815	Qeqchi	Mayan	ARMY	soldaa, sola	soldaa	s o l d aː	Spanish	soldado			
10003	Otomi	Otomanguean	ARMY	ejersito	ejersito	e x e r s i t̪ o	Spanish	ejercito	3339	Spanish	e x ɛ ɾ s i t o
10004	Otomi	Otomanguean	ARMY	tropa	tropa	t̪ r o p a	Spanish	tropa	3340	Spanish	t ɾ o p a s
10005	Otomi	Otomanguean	ARMY	hmunts'u̲sundado	hmunts'u̲sundado	h m u n tsʼ u s u n d a d o	Spanish	soldado			
11259	ImbaburaQuechua	Quechuan	ARMY	aukakuna	aukakuna	a u k a k u n a					
12482	Wichi	Matacoan	ARMY	nifwutaj	nifwutaj	n i fʷ u t a x					
1595	Portuguese	Indo-European	ATTACK	atacar	atacar	a t a k a ʁ					
3361	Spanish	Indo-European	ATTACK	atacar	atacar	a t a k a ɾ					
4813	Yaqui	Uto-Aztecan	ATTACK	atakaroa	atakaroa	a t a k a r o a	Spanish	atacar	3361	Spanish	a t a k a ɾ
7836	Qeqchi	Mayan	ATTACK	k'uluk	k'uluk	k ʔ u l u kʰ					
10038	Otomi	Otomanguean	ATTACK	ta̲ki	ta̲ki	t̪ ɔ k i					
12498	Wichi	Matacoan	ATTACK	ineya	ineya	i n e j a					
13748	Mapudungun	Araucanian	ATTACK	malon	malon	m a l o n					
838	Portuguese	Indo-European	AXE	machado	machado	m a ʃ a d u					
2543	Spanish	Indo-European	AXE	hacha	hacha	a tʃ a					
4170	Yaqui	Uto-Aztecan	AXE	tepuam	tepuam	t e p u a m					
5551	ZinacantanTzotzil	Mayan	AXE	7ek’el	7ek’el	ʔ e kʼ e l					
6992	Qeqchi	Mayan	AXE	maal	maal	m aː l					
8938	Otomi	Otomanguean	AXE	t'e̲gi (1)	t'e̲gi	t̪ʼ æ g i					
10741	ImbaburaQuechua	Quechuan	AXE	jacha	jacha	x a tʃ a	Spanish	hacha	2543	Spanish	a tʃ a
11933	Wichi	Matacoan	AXE	husan	husan	h u s a n					
13211	Mapudungun	Araucanian	AXE	toki	toki	t o k i					
804	Portuguese	Indo-European	BANYAN	baniana	baniana	b ɐ n i ɐ n ɐ					
2505	Spanish	Indo-European	BANYAN	baniano	baniano	b a n j a n o					
766	Portuguese	Indo-European	BARLEY	cevada	cevada	s e v a d ɐ					
2465	Spanish	Indo-European	BARLEY	cebada	cebada	s e β a ð a					
4112	Yaqui	Uto-Aztecan	BARLEY	sebaara	sebaara	s e b aː r a	Spanish	cebada	2465	Spanish	s e β a ð a
6910	Qeqchi	Mayan	BARLEY	seb’aad	seb’aad	s e ɓ aː d	Spanish	cebada			
8822	Otomi	Otomanguean	BARLEY	su̲bada	su̲bada	s u b a d a	Spanish	cebada	2465	Spanish	s e β a ð a
10693	ImbaburaQuechua	Quechuan	BARLEY	sibada	sibada	s i b a d a	Spanish	cebada	2465	Spanish	s e β a ð a
13167	Mapudungun	Araucanian	BARLEY	kawella	kawella	k a w e ʎ a	Unidentified	cahuellu-hua			
445	Portuguese	Indo-European	BE ALIVE OR LIFE	viver	viver	v i v e ʁ					
446	Portuguese	Indo-European	BE ALIVE OR LIFE	vivo	vivo	v i v u					
447	Portuguese	Indo-European	BE ALIVE OR LIFE	a	a	a					
448	Portuguese	Indo-European	BE ALIVE OR LIFE	vida	vida	v i d ɐ					
2142	Spanish	Indo-European	BE ALIVE OR LIFE	vivir	vivir	b i β i ɾ					
2143	Spanish	Indo-European	BE ALIVE OR LIFE	vivo	vivo	b i β o					
2144	Spanish	Indo-European	BE ALIVE OR LIFE	vida	vida	b i ð a					
312	Portuguese	Indo-European	BEARD	barba	barba	b a ʁ b ɐ					
2010	Spanish	Indo-European	BEARD	barba	barba	b a ɾ β a					
3726	Yaqui	Uto-Aztecan	BEARD	chao boam	chao_boam	tʃ a o + b o a m					
5138	ZinacantanTzotzil	Mayan	BEARD	7isimil	7isimil	ʔ i s i m i l					
6458	Qeqchi	Mayan	BEARD	mach	mach	m a tʃ					
8311	Otomi	Otomanguean	BEARD	ju̲ni (1)	ju̲ni	x u n i					
10383	ImbaburaQuechua	Quechuan	BEARD	barbas	barbas	b a ɾ b a s	Spanish	barba	2010	Spanish	b a ɾ β a
11562	Wichi	Matacoan	BEARD	toposey	toposey	t o p o s e j					
12834	Mapudungun	Araucanian	BEARD	payuṉ	payuṉ	p a y u n̪					
1400	Portuguese	Indo-European	BLAME	culpa	culpa	k uu p ɐ					
3145	Spanish	Indo-European	BLAME	culpa	culpa	k u l p a					
3146	Spanish	Indo-European	BLAME	censura	censura	s e n s u ɾ a					
4657	Yaqui	Uto-Aztecan	BLAME	kulpa	kulpa	k u l p a	Spanish	culpa	3145	Spanish	k u l p a
5968	ZinacantanTzotzil	Mayan	BLAME	mulil	mulil	m u l i l			3145	Spanish	k u l p a
7654	Qeqchi	Mayan	BLAME	maak (1)	maak	m aː kʰ					
9720	Otomi	Otomanguean	BLAME	ts'oku̲te	ts'oku̲te	ts ʔ o k u t̪ e					
11135	ImbaburaQuechua	Quechuan	BLAME	jucha (2)	jucha	x u tʃ a			3145	Spanish	k u l p a
12352	Wichi	Matacoan	BLAME	tamenej	tamenej	t a m e n e x					
13620	Mapudungun	Araucanian	BLAME	kulpa	kulpa	k u l p a	Spanish	culpa	3145	Spanish	k u l p a
317	Portuguese	Indo-European	BLOOD	sangue	sangue	s ɐ̃ ɡ i					
2014	Spanish	Indo-European	BLOOD	sangre	sangre	s a n g ɾ e					
3730	Yaqui	Uto-Aztecan	BLOOD	ojbo	ojbo	o j b o					
5143	ZinacantanTzotzil	Mayan	BLOOD	ch’ich’	ch’ich’	tʃʼ i tʃʼ					
5144	ZinacantanTzotzil	Mayan	BLOOD	ch’ch’elil	ch’ch’elil	tʃʼ tʃʼ e l i l					
5145	ZinacantanTzotzil	Mayan	BLOOD	sankre	sankre	s a n k ɾ e	Spanish	sangre	2014	Spanish	s a n g ɾ e
6462	Qeqchi	Mayan	BLOOD	kik’	kik’	k i kʼ					
8315	Otomi	Otomanguean	BLOOD	ji	ji	x i					
10387	ImbaburaQuechua	Quechuan	BLOOD	yawar	yawar	j a w a ɾ					
11567	Wichi	Matacoan	BLOOD	w’uyis	w’uyis	w ʔ u j i s					
12838	Mapudungun	Araucanian	BLOOD	mollfüñ	mollfüñ	m o ʎ f ɨ ɲ					
1508	Portuguese	Indo-European	BOOK	livro	livro	l i v ɾ u					
3271	Spanish	Indo-European	BOOK	libro	libro	l i β ɾ o					
4757	Yaqui	Uto-Aztecan	BOOK	liprom	liprom	l i p r o m	Spanish	libro	3271	Spanish	l i β ɾ o
6061	ZinacantanTzotzil	Mayan	BOOK	vun	vun	v u n					
6062	ZinacantanTzotzil	Mayan	BOOK	livro	livro	l i v ɾ o	Spanish	libro	3271	Spanish	l i β ɾ o
7765	Qeqchi	Mayan	BOOK	hu	hu	h u					
7766	Qeqchi	Mayan	BOOK	liib'r	liib'r	l iː ɓ r	Spanish	libro			
9918	Otomi	Otomanguean	BOOK	he̲'mi	he̲'mi	h æ ˀm i					
11225	ImbaburaQuechua	Quechuan	BOOK	kamu	kamu	k a m u					
12444	Wichi	Matacoan	BOOK	liwulu	liwulu	l i w u l u	Spanish	libro			
13711	Mapudungun	Araucanian	BOOK	lifru	lifru	l i f ɻ u	Spanish	libro	3271	Spanish	l i β ɾ o
1520	Portuguese	Indo-European	BOUNDARY	fronteira	fronteira	f ɾ õ t ei ɾ ɐ					
3285	Spanish	Indo-European	BOUNDARY	límite	límite	l i m i t e					
3286	Spanish	Indo-European	BOUNDARY	frontera	frontera	f ɾ o n t ɛ ɾ a					
4768	Yaqui	Uto-Aztecan	BOUNDARY	mamlo	mamlo	m a m l o					
6069	ZinacantanTzotzil	Mayan	BOUNDARY	tz’ak (2)	tz’ak	tsʼ a k					
7776	Qeqchi	Mayan	BOUNDARY	nub'aal, nub’ajl	nub'aal	n u ɓ aː l	Ch’olan	nub’			
9935	Otomi	Otomanguean	BOUNDARY	nzot'e	nzot'e	n z o t̪ʼ e					
9936	Otomi	Otomanguean	BOUNDARY	ngäts'i	ngäts'i	n g ɐ tsʼ i					
9937	Otomi	Otomanguean	BOUNDARY	ñäni (2)	ñäni	ɲ ɐ n i					
11233	ImbaburaQuechua	Quechuan	BOUNDARY	linderu	linderu	l i n d e ɾ u	Spanish	lindero			
12455	Wichi	Matacoan	BOUNDARY	hunhat lakapes	hunhat_lakapes	h u n̥ a t + l a k a p e s					
13716	Mapudungun	Araucanian	BOUNDARY	limite	limite	l i m i t e	Spanish	límite	3285	Spanish	l i m i t e
533	Portuguese	Indo-European	BOWL	bacia	bacia	b a s i ɐ					
534	Portuguese	Indo-European	BOWL	tigela	tigela	tʃ i ʒ ɛ l ɐ					
2231	Spanish	Indo-European	BOWL	tazón	tazón	t a s o n					
3915	Yaqui	Uto-Aztecan	BOWL	pu’ato joroi	pu’ato_joroi	p u ʔ a t o + j o r o i	Spanish	plato			
5334	ZinacantanTzotzil	Mayan	BOWL	pulatu	pulatu	pʰ u l a t u	Spanish	plato			
8553	Otomi	Otomanguean	BOWL	dätä mohi	dätä_mohi	d ɐ t̪ ɐ + m o h i					
10541	ImbaburaQuechua	Quechuan	BOWL	pilchi	pilchi	p i l tʃ i					
11728	Wichi	Matacoan	BOWL	ch’utetaj	ch’utetaj	tʃ ʔ u t e t a x					
13002	Mapudungun	Araucanian	BOWL	tason	tason	t a s o n	Spanish	tazón	2231	Spanish	t a s o n
657	Portuguese	Indo-European	BRACELET	bracelete	bracelete	b ɾ a s e l ɛ tʃ i					
658	Portuguese	Indo-European	BRACELET	pulseira	pulseira	p uu s ei ɾ ɐ					
2349	Spanish	Indo-European	BRACELET	brazalete	brazalete	b ɾ a s a l ɛ t e					
2350	Spanish	Indo-European	BRACELET	pulsera	pulsera	p u l s ɛ ɾ a					
4032	Yaqui	Uto-Aztecan	BRACELET	pulseera	pulseera	p u l s eː r a	Spanish	pulsera	2350	Spanish	p u l s ɛ ɾ a
6809	Qeqchi	Mayan	BRACELET	pulseer	pulseer	p u l s eː r	Spanish	pulsera	2350	Spanish	p u l s ɛ ɾ a
8691	Otomi	Otomanguean	BRACELET	nkät'u'ye	nkät'u'ye	n k ɐ t̪ʼ u ˀj e					
11816	Wichi	Matacoan	BRACELET	totkwet’ak	totkwet’ak	t o t kʷ e t ʔ a k					
1293	Portuguese	Indo-European	BRACKISH	salobre	salobre	s a l ɔ b ɾ i					
3032	Spanish	Indo-European	BRACKISH	salobre	salobre	s a l o β ɾ e					
4576	Yaqui	Uto-Aztecan	BRACKISH	cho’oko	cho’oko	tʃ o ʔ o k o					
7532	Qeqchi	Mayan	BRACKISH	remrem	remrem	r e m ɾ e m					
11058	ImbaburaQuechua	Quechuan	BRACKISH	kachi yaku	kachi_yaku	k a tʃ i + j a k u					
12271	Wichi	Matacoan	BRACKISH	nusyhi lhimphaj	nusyhi_lhimphaj	n u s j h i + lˠ i m pʰ a x					
13544	Mapudungun	Araucanian	BRACKISH	kotrü ko	kotrü_ko	k o ʈʂ ɨ + k o	Gününa Yajüch	xïtran			
840	Portuguese	Indo-European	BREAK (DESTROY OR GET DESTROYED)	romper	romper	ʁ õ p e ʁ					
841	Portuguese	Indo-European	BREAK (DESTROY OR GET DESTROYED)	quebrar	quebrar	k e b ɾ a ʁ					
2545	Spanish	Indo-European	BREAK (DESTROY OR GET DESTROYED)	quebrar	quebrar	k e β ɾ a ɾ					
4171	Yaqui	Uto-Aztecan	BREAK (DESTROY OR GET DESTROYED)	jamte	jamte	j a m t e					
4172	Yaqui	Uto-Aztecan	BREAK (DESTROY OR GET DESTROYED)	jamta	jamta	j a m t a					
5552	ZinacantanTzotzil	Mayan	BREAK (DESTROY OR GET DESTROYED)	k’as	k’as	kʼ a s					
5553	ZinacantanTzotzil	Mayan	BREAK (DESTROY OR GET DESTROYED)	vok’	vok’	v o kʼ					
6993	Qeqchi	Mayan	BREAK (DESTROY OR GET DESTROYED)	jorok	jorok	x o ɾ o kʰ					
6994	Qeqchi	Mayan	BREAK (DESTROY OR GET DESTROYED)	much'uk	much'uk	m u tʃʼ u kʰ					
6995	Qeqchi	Mayan	BREAK (DESTROY OR GET DESTROYED)	toqok	toqok	t o q o kʰ					
8939	Otomi	Otomanguean	BREAK (DESTROY OR GET DESTROYED)	tehmi	tehmi	t̪ e h m i					
8940	Otomi	Otomanguean	BREAK (DESTROY OR GET DESTROYED)	'waki	'waki	ˀw a k i					
10743	ImbaburaQuechua	Quechuan	BREAK (DESTROY OR GET DESTROYED)	fakina	fakina	ɸ a k i n a					
11934	Wichi	Matacoan	BREAK (DESTROY OR GET DESTROYED)	ichohot	ichohot	i tʃ o h o t					
13212	Mapudungun	Araucanian	BREAK (DESTROY OR GET DESTROYED)	trafon	trafon	ʈʂ a f o n					
863	Portuguese	Indo-European	BROOM	vassoura	vassoura	v a s o ɾ ɐ					
2571	Spanish	Indo-European	BROOM	escoba	escoba	ɛ s k o β a					
4188	Yaqui	Uto-Aztecan	BROOM	jichikia	jichikia	j i tʃ i k i a					
5571	ZinacantanTzotzil	Mayan	BROOM	mesehob	mesehob	m e s e h o b					
7024	Qeqchi	Mayan	BROOM	mesleb'	mesleb'	m e s l e ɓ					
8982	Otomi	Otomanguean	BROOM	'baxi	'baxi	ˀb a x i					
10757	ImbaburaQuechua	Quechuan	BROOM	fichana (2)	fichana	ɸ i tʃ a n a					
11950	Wichi	Matacoan	BROOM	eskuwa	eskuwa	e s k u w a	Spanish	escoba	2571	Spanish	ɛ s k o β a
13229	Mapudungun	Araucanian	BROOM	lepüwe	lepüwe	l e p ɨ w e					
595	Portuguese	Indo-European	BUTTER	manteiga	manteiga	m ɐ̃ t ei ɡ ɐ					
2287	Spanish	Indo-European	BUTTER	mantequilla	mantequilla	m a n t e k i ʝ a					
2288	Spanish	Indo-European	BUTTER	manteca	manteca	m a n t e k a					
3968	Yaqui	Uto-Aztecan	BUTTER	mantekia	mantekia	m a n t e k i a	Spanish	mantequilla	2287	Spanish	m a n t e k i ʝ a
6753	Qeqchi	Mayan	BUTTER	manteek	manteek	m a n t eː kʰ	Spanish	manteca	2288	Spanish	m a n t e k a
8615	Otomi	Otomanguean	BUTTER	mäntekiya	mäntekiya	m ɐ n t̪ e k i j a	Spanish	mantequilla	2287	Spanish	m a n t e k i ʝ a
8616	Otomi	Otomanguean	BUTTER	nde̲ga	nde̲ga	n d æ g a	Spanish	mantega			
10585	ImbaburaQuechua	Quechuan	BUTTER	vira	vira	β i ɾ a					
11770	Wichi	Matacoan	BUTTER	manteka	manteka	m a n t e k a	Spanish	manteca	2288	Spanish	m a n t e k a
203	Portuguese	Indo-European	CATTLE	gado	gado	ɡ a d u					
1888	Spanish	Indo-European	CATTLE	ganado	ganado	g a n a ð o					
3628	Yaqui	Uto-Aztecan	CATTLE	wakasim	wakasim	w a k a s i m	Spanish	vaca-s			
6337	Qeqchi	Mayan	CATTLE	wakax	wakax	w a k a ʃ	Spanish	vacas			
8170	Otomi	Otomanguean	CATTLE	me̲ti (1)	me̲ti	m æ t̪ i					
10305	ImbaburaQuechua	Quechuan	CATTLE	wagra	wagra	w a g ɾ a					
594	Portuguese	Indo-European	CHEESE	queijo	queijo	k ei ʒ u					
2286	Spanish	Indo-European	CHEESE	queso	queso	k e s o					
3966	Yaqui	Uto-Aztecan	CHEESE	keesum	keesum	k eː s u m	Spanish	queso	2286	Spanish	k e s o
3967	Yaqui	Uto-Aztecan	CHEESE	jipiknojim	jipiknojim	j i p i k n o j i m					
5388	ZinacantanTzotzil	Mayan	CHEESE	keshu	keshu	k e ʃ u	Spanish	queso	2286	Spanish	k e s o
6752	Qeqchi	Mayan	CHEESE	kees	kees	k eː s	Spanish	queso	2286	Spanish	k e s o
8614	Otomi	Otomanguean	CHEESE	ge̲xu	ge̲xu	g æ x u	Spanish	queso			
10584	ImbaburaQuechua	Quechuan	CHEESE	kizu	kizu	k i z u	Spanish	queso			
11769	Wichi	Matacoan	CHEESE	chesu	chesu	tʃ e s u	Spanish	queso	2286	Spanish	k e s o
13047	Mapudungun	Araucanian	CHEESE	kesu	kesu	k e s u	Spanish	queso	2286	Spanish	k e s o
1533	Portuguese	Indo-European	CITIZEN	cidadão	cidadão	s i d a d ɐ̃ũ					
1534	Portuguese	Indo-European	CITIZEN	súdito	súdito	s u dʒ i t u					
3300	Spanish	Indo-European	CITIZEN	ciudadano	ciudadano	s j u ð a ð a n o					
3301	Spanish	Indo-European	CITIZEN	súbdito	súbdito	s u β ð i t o					
4776	Yaqui	Uto-Aztecan	CITIZEN	yoemia	yoemia	j o e m i a					
7786	Qeqchi	Mayan	CITIZEN	aj tenamit	aj_tenamit	a x + t e n a m i tʰ					
9951	Otomi	Otomanguean	CITIZEN	jäi dähnini	jäi_dähnini	x ɐ i + d ɐ h n i n i					
9952	Otomi	Otomanguean	CITIZEN	mengu dähnini	mengu_dähnini	m e n g u + d ɐ h n i n i					
9953	Otomi	Otomanguean	CITIZEN	’bego	’bego	ʔ b e g o					
1407	Portuguese	Indo-European	CLEVER	esperto	esperto	i ʃ p ɛ ʁ t u					
1408	Portuguese	Indo-European	CLEVER	hábil	hábil	a b iu					
3155	Spanish	Indo-European	CLEVER	hábil	hábil	a β i l					
3156	Spanish	Indo-European	CLEVER	capaz	capaz	k a p a s					
4663	Yaqui	Uto-Aztecan	CLEVER	aawe	aawe	aː w e					
5972	ZinacantanTzotzil	Mayan	CLEVER	p’ij	p’ij	pʼ i ħ					
7662	Qeqchi	Mayan	CLEVER	kaw rib'	kaw_rib'	k a w + ɾ i ɓ					
7663	Qeqchi	Mayan	CLEVER	wankil	wankil	w a n k i l			3155	Spanish	a β i l
9732	Otomi	Otomanguean	CLEVER	nthuts’i	nthuts’i	n θ u tsʼ i					
9733	Otomi	Otomanguean	CLEVER	timfeni	timfeni	t̪ i m f e n i					
11139	ImbaburaQuechua	Quechuan	CLEVER	ushak	ushak	u ʃ a k					
12356	Wichi	Matacoan	CLEVER	yihanej	yihanej	y i h a n e x					
13623	Mapudungun	Araucanian	CLEVER	pepilkawün	pepilkawün	p e p i l k a w ɨ n					
953	Portuguese	Indo-European	CLIMB	trepar	trepar	t ɾ e p a ʁ					
2668	Spanish	Indo-European	CLIMB	trepar	trepar	t ɾ e p a ɾ					
4266	Yaqui	Uto-Aztecan	CLIMB	ja’amu	ja’amu	j a ʔ a m u					
5640	ZinacantanTzotzil	Mayan	CLIMB	muy	muy	m u j					
7127	Qeqchi	Mayan	CLIMB	lochte’ek	lochte’ek	l o tʃ t e ʔ e kʰ					
7128	Qeqchi	Mayan	CLIMB	taqe’k	taqe’k	t a q e ʔ kʰ					
9120	Otomi	Otomanguean	CLIMB	po̲ts'e	po̲ts'e	p ə tsʼ e					
9121	Otomi	Otomanguean	CLIMB	tets'e	tets'e	t̪ e tsʼ e					
10817	ImbaburaQuechua	Quechuan	CLIMB	bitsijana	bitsijana	b i ts i x a n a					
12013	Wichi	Matacoan	CLIMB	taw’elhu	taw’elhu	t a w ʔ e lˠ u					
13294	Mapudungun	Araucanian	CLIMB	püran	püran	p ɨ ɻ a n					
1262	Portuguese	Indo-European	CLOCK	relógio	relógio	ʁ e l ɔ ʒ j u					
3001	Spanish	Indo-European	CLOCK	reloj	reloj	r e l o x					
4548	Yaqui	Uto-Aztecan	CLOCK	relok	relok	r e l o k	Spanish	reloj	3001	Spanish	r e l o x
5868	ZinacantanTzotzil	Mayan	CLOCK	reloho	reloho	ɾ e l o h o	Spanish	reloj	3001	Spanish	r e l o x
7500	Qeqchi	Mayan	CLOCK	reloj	reloj	r e l o x	Spanish	reloj	3001	Spanish	r e l o x
9534	Otomi	Otomanguean	CLOCK	ora	ora	o r a	Spanish	ora			
11032	ImbaburaQuechua	Quechuan	CLOCK	riluju	riluju	ʐ i l u x u	Spanish	reloj			
12245	Wichi	Matacoan	CLOCK	tokafwala	tokafwala	t o k a fʷ a l a					
12246	Wichi	Matacoan	CLOCK	tokwe’fwat	tokwe’fwat	t o kʷ e ʔ fʷ a t					
13524	Mapudungun	Araucanian	CLOCK	relo	relo	ɻ e l o	Spanish	reloj	3001	Spanish	r e l o x
801	Portuguese	Indo-European	COCONUT	coco	coco	k ɔ k u					
2501	Spanish	Indo-European	COCONUT	coco	coco	k o k o					
4139	Yaqui	Uto-Aztecan	COCONUT	kooko	kooko	k oː k o	Spanish	coco	2501	Spanish	k o k o
5521	ZinacantanTzotzil	Mayan	COCONUT	koko	koko	k o k o	Spanish	coco	2501	Spanish	k o k o
6945	Qeqchi	Mayan	COCONUT	kook	kook	k oː kʰ	Spanish	coco			
8861	Otomi	Otomanguean	COCONUT	koko	koko	k o k o	Spanish	coco	2501	Spanish	k o k o
10716	ImbaburaQuechua	Quechuan	COCONUT	koku	koku	k o k u	Spanish	coco	2501	Spanish	k o k o
611	Portuguese	Indo-European	COTTON	algodão	algodão	au ɡ o d ɐ̃ũ					
2302	Spanish	Indo-European	COTTON	algodón	algodón	a l ɣ o ð o n					
3983	Yaqui	Uto-Aztecan	COTTON	chiinim	chiinim	tʃ iː n i m					
5400	ZinacantanTzotzil	Mayan	COTTON	tushnuk’	tushnuk’	t u ʃ n u kʼ					
6766	Qeqchi	Mayan	COTTON	noq’	noq’	n o qʼ					
8635	Otomi	Otomanguean	COTTON	nda̲	nda̲	n d ɔ					
10597	ImbaburaQuechua	Quechuan	COTTON	algudun	algudun	a l g u d u ŋ	Spanish	algodón			
11782	Wichi	Matacoan	COTTON	wesetaj	wesetaj	w e s e t a x					
418	Portuguese	Indo-European	COUGH	tossir	tossir	t o s i ʁ					
2113	Spanish	Indo-European	COUGH	toser	toser	t o s ɛ ɾ					
3822	Yaqui	Uto-Aztecan	COUGH	tase	tase	t a s e			2113	Spanish	t o s ɛ ɾ
5242	ZinacantanTzotzil	Mayan	COUGH	7obah	7obah	ʔ o ɓ a h					
6563	Qeqchi	Mayan	COUGH	ojb'ak	ojb'ak	o x ɓ a kʰ					
8415	Otomi	Otomanguean	COUGH	hehe	hehe	h e h e					
10466	ImbaburaQuechua	Quechuan	COUGH	ujuna	ujuna	u x u n a					
11647	Wichi	Matacoan	COUGH	takhosi	takhosi	t a kʰ o s i					
12920	Mapudungun	Araucanian	COUGH	trüfonün	trüfonün	ʈʂ ɨ f o n ɨ n					
157	Portuguese	Indo-European	COUSIN	primo	primo	p ɾ i m u					
158	Portuguese	Indo-European	COUSIN	prima	prima	p ɾ i m ɐ					
1837	Spanish	Indo-European	COUSIN	primo	primo	p ɾ i m o					
1838	Spanish	Indo-European	COUSIN	prima	prima	p ɾ i m a					
3593	Yaqui	Uto-Aztecan	COUSIN	ako	ako	a k o					
5007	ZinacantanTzotzil	Mayan	COUSIN	muk’ta totil	muk’ta_totil	m u kʼ t a + t o t i l					
5008	ZinacantanTzotzil	Mayan	COUSIN	7utz’ 7alalil	7utz’_7alalil	ʔ u tsʼ + ʔ a l a l i l					
5009	ZinacantanTzotzil	Mayan	COUSIN	hun totil	hun_totil	h u n + t o t i l					
5010	ZinacantanTzotzil	Mayan	COUSIN	hun ch’amalil	hun_ch’amalil	h u n + tʃʼ a m a l i l					
5011	ZinacantanTzotzil	Mayan	COUSIN	hun nich’onil	hun_nich’onil	h u n + n i tʃʼ o n i l					
5012	ZinacantanTzotzil	Mayan	COUSIN	hun 7olil	hun_7olil	h u n + ʔ o l i l					
6294	Qeqchi	Mayan	COUSIN	as e	as_e	a s + e					
8086	Otomi	Otomanguean	COUSIN	ho̲ku	ho̲ku	h ə k u					
8087	Otomi	Otomanguean	COUSIN	ho̲ida̲	ho̲ida̲	h ə i d ɔ					
8088	Otomi	Otomanguean	COUSIN	ho̲jujwe̲	ho̲jujwe̲	h ə x u xʷ æ					
8089	Otomi	Otomanguean	COUSIN	ho̲jwädä	ho̲jwädä	h ə xʷ ɐ d ɐ					
10272	ImbaburaQuechua	Quechuan	COUSIN	primu	primu	p ɾ i m u	Spanish	primo/prima	1837	Spanish	p ɾ i m o
12706	Mapudungun	Araucanian	COUSIN	peñi	peñi	p e ɲ i					
12707	Mapudungun	Araucanian	COUSIN	lamngen	lamngen	l a m ŋ e n					
12708	Mapudungun	Araucanian	COUSIN	müṉa	müṉa	m ɨ n̪ a					
316	Portuguese	Indo-European	DANDRUFF	caspa	caspa	k a ʃ p ɐ					
2013	Spanish	Indo-European	DANDRUFF	caspa	caspa	k a s p a					
3729	Yaqui	Uto-Aztecan	DANDRUFF	koba beea	koba_beea	k o b a + b eː a			2013	Spanish	k a s p a
5141	ZinacantanTzotzil	Mayan	DANDRUFF	sakil 7apon	sakil_7apon	s a k i l + ʔ a p o n					
5142	ZinacantanTzotzil	Mayan	DANDRUFF	sal 7apon	sal_7apon	s a l + ʔ a p o n					
6461	Qeqchi	Mayan	DANDRUFF	salb’a	salb’a	s a l ɓ a			2013	Spanish	k a s p a
8314	Otomi	Otomanguean	DANDRUFF	fu̲xu̲ñä	fu̲xu̲ñä	f u x u ɲ ɐ					
10386	ImbaburaQuechua	Quechuan	DANDRUFF	kaspa	kaspa	k a s p a	Spanish	caspa	2013	Spanish	k a s p a
11566	Wichi	Matacoan	DANDRUFF	tolhetekmukw	tolhetekmukw	t o lˠ e t e k m u kʷ					
12837	Mapudungun	Araucanian	DANDRUFF	chef longko	chef_longko	tʃ e f + l o ŋ k o					
631	Portuguese	Indo-European	DRESS	vestido	vestido	v e ʃ tʃ i d u					
2321	Spanish	Indo-European	DRESS	vestido	vestido	b ɛ s t i ð o					
4003	Yaqui	Uto-Aztecan	DRESS	supem	supem	s u p e m					
6784	Qeqchi	Mayan	DRESS	tiqb'al	tiqb'al	t i q ɓ a l					
6785	Qeqchi	Mayan	DRESS	po'ot	po'ot	p o ʔ o tʰ					
8659	Otomi	Otomanguean	DRESS	‘bitu 'be̲hñä	‘bitu_'be̲hñä	ˀb i t̪ u + ˀb æ h ɲ ɐ					
8660	Otomi	Otomanguean	DRESS	nthe 'be̲hñä	nthe_'be̲hñä	n θ e + ˀb æ h ɲ ɐ					
10612	ImbaburaQuechua	Quechuan	DRESS	anaku (1)	anaku	a n a k u					
11796	Wichi	Matacoan	DRESS	westilu	westilu	w e s t i l u	Spanish	vestido	2321	Spanish	b ɛ s t i ð o
1218	Portuguese	Indo-European	EARLY	cedo	cedo	s ɛ d u					
2950	Spanish	Indo-European	EARLY	temprano	temprano	t e m p ɾ a n o					
4502	Yaqui	Uto-Aztecan	EARLY	ketwo	ketwo	k e t w o					
7451	Qeqchi	Mayan	EARLY	eq'la	eq'la	e qʼ l a					
9477	Otomi	Otomanguean	EARLY	ngut'ä	ngut'ä	n g u t̪ʼ ɐ					
9478	Otomi	Otomanguean	EARLY	xuditho	xuditho	x u d i θ o					
11002	ImbaburaQuechua	Quechuan	EARLY	tutamanda	tutamanda	t u t a m a n d a					
12220	Wichi	Matacoan	EARLY	inathaj	inathaj	i n a tʰ a x					
1122	Portuguese	Indo-European	EAST	leste	leste	l ɛ ʃ tʃ i					
1123	Portuguese	Indo-European	EAST	este	este	ɛ ʃ tʃ i					
2854	Spanish	Indo-European	EAST	este	este	ɛ s t e					
2855	Spanish	Indo-European	EAST	levante	levante	l e β a n t e					
4407	Yaqui	Uto-Aztecan	EAST	kawbetana	kawbetana	k a w b e t a n a					
4408	Yaqui	Uto-Aztecan	EAST	ejte	ejte	e j t e	Spanish	este	2854	Spanish	ɛ s t e
5754	ZinacantanTzotzil	Mayan	EAST	7ak’ol	7ak’ol	ʔ a kʼ o l					
5755	ZinacantanTzotzil	Mayan	EAST	lok’eb k’ak’al	lok’eb_k’ak’al	l o kʼ e ɓ + kʼ a kʼ a l					
7309	Qeqchi	Mayan	EAST	releb' saq'e	releb'_saq'e	r e l e ɓ + s a qʼ e					
9343	Otomi	Otomanguean	EAST	mbo̲xu̲hyadi	mbo̲xu̲hyadi	m b ə x u h j a d i					
10930	ImbaburaQuechua	Quechuan	EAST	inti llujshina ladu	inti_llujshina_ladu	i n d i + ʒ u x ʃ i n a + l a d u	Spanish	este			
12145	Wichi	Matacoan	EAST	tewuk choslhele	tewuk_choslhele	t e w u k + tʃ o s lˠ e l e					
13414	Mapudungun	Araucanian	EAST	puel	puel	p u e l					
1232	Portuguese	Indo-European	END (OF TIME)	fim	fim	f ĩ					
2967	Spanish	Indo-European	END (OF TIME)	fin	fin	f i n					
4515	Yaqui	Uto-Aztecan	END (OF TIME)	lu’utek	lu’utek	l u ʔ u t e k					
7468	Qeqchi	Mayan	END (OF TIME)	ch'otonik	ch'otonik	tʃʼ o t o n i kʰ					
7469	Qeqchi	Mayan	END (OF TIME)	oso'jik	oso'jik	o s o ʔ x i kʰ					
7470	Qeqchi	Mayan	END (OF TIME)	raqik	raqik	r a q i kʰ					
9497	Otomi	Otomanguean	END (OF TIME)	ngäts'i	ngäts'i	n g ɐ tsʼ i					
11010	ImbaburaQuechua	Quechuan	END (OF TIME)	tukuri	tukuri	t u k u ɾ i					
12227	Wichi	Matacoan	END (OF TIME)	lapes	lapes	l a p e s					
13500	Mapudungun	Araucanian	END (OF TIME)	afpun	afpun	a f p u n			2967	Spanish	f i n
1375	Portuguese	Indo-European	ENVY	inveja	inveja	ĩ v e ʒ ɐ					
1376	Portuguese	Indo-European	ENVY	ciúme	ciúme	s i u m i					
3117	Spanish	Indo-European	ENVY	envidia	envidia	e m b i ð j a					
3118	Spanish	Indo-European	ENVY	celos	celos	s e l o s					
4636	Yaqui	Uto-Aztecan	ENVY	selaaroa	selaaroa	s e l aː r o a	Spanish	celar	3118	Spanish	s e l o s
5949	ZinacantanTzotzil	Mayan	ENVY	k’ak’al 7o7onil	k’ak’al_7o7onil	kʼ a kʼ a l + ʔ o ʔ o n i l					
7624	Qeqchi	Mayan	ENVY	kaqal	kaqal	k a q a l					
9682	Otomi	Otomanguean	ENVY	zu̲da̲	zu̲da̲	z u d ɔ					
9683	Otomi	Otomanguean	ENVY	gunt'e̲i	gunt'e̲i	g u n t̪ʼ æ i					
9684	Otomi	Otomanguean	ENVY	kunt'e̲i	kunt'e̲i	k u n t̪ʼ æ i					
12332	Wichi	Matacoan	ENVY	nicheyta’pe’	nicheyta’pe’	n i tʃ e j t a ʔ p e ʔ					
13601	Mapudungun	Araucanian	ENVY	ütrir	ütrir	ɨ ʈʂ i ɻ					
1439	Portuguese	Indo-European	EXPLAIN	explicar	explicar	i ʃ p l i k a ʁ					
3196	Spanish	Indo-European	EXPLAIN	explicar	explicar	ɛ k s p l i k a ɾ					
4691	Yaqui	Uto-Aztecan	EXPLAIN	tetejwa	tetejwa	t e t e j w a					
6003	ZinacantanTzotzil	Mayan	EXPLAIN	chap	chap	tʃʰ a p					
7696	Qeqchi	Mayan	EXPLAIN	ch'olok	ch'olok	tʃʼ o l o kʰ					
9787	Otomi	Otomanguean	EXPLAIN	xifi (1)	xifi	x i f i					
11165	ImbaburaQuechua	Quechuan	EXPLAIN	willana	willana	w i ʒ a n a					
12384	Wichi	Matacoan	EXPLAIN	yithathu	yithathu	y i tʰ a tʰ u					
13654	Mapudungun	Araucanian	EXPLAIN	nütramzungun	nütramzungun	n ɨ ʈʂ a m z u ŋ u n					
341	Portuguese	Indo-European	EYE	olho	olho	ɔ ʎ u					
2036	Spanish	Indo-European	EYE	ojo	ojo	o x o					
3747	Yaqui	Uto-Aztecan	EYE	puusim	puusim	p uː s i m					
5164	ZinacantanTzotzil	Mayan	EYE	satil	satil	s a t i l	Tojolabal	sat			
5165	ZinacantanTzotzil	Mayan	EYE	yashavo7	yashavo7	j a ʃ a v o ʔ					
6481	Qeqchi	Mayan	EYE	sa’ u	sa’_u	s a ʔ + u					
6482	Qeqchi	Mayan	EYE	xnaq’ u	xnaq’_u	ʃ n a qʼ + u					
8336	Otomi	Otomanguean	EYE	da̲	da̲	d ɔ					
10403	ImbaburaQuechua	Quechuan	EYE	ñawi lulun	ñawi_lulun	ɲ a w i + l u l u ŋ					
11583	Wichi	Matacoan	EYE	tottelhu	tottelhu	t o t t e lˠ u					
12854	Mapudungun	Araucanian	EYE	nge	nge	ŋ e					
512	Portuguese	Indo-European	FAMINE	fome	fome	f ɔ m i					
2211	Spanish	Indo-European	FAMINE	hambre	hambre	a m b ɾ e					
3896	Yaqui	Uto-Aztecan	FAMINE	tebaure	tebaure	t e b a u r e					
5319	ZinacantanTzotzil	Mayan	FAMINE	vi7naltik	vi7naltik	v i ʔ n a l t i k					
6668	Qeqchi	Mayan	FAMINE	we'ej	we'ej	w e ʔ e x	Yucatecan	*wi’ij (?)			
8524	Otomi	Otomanguean	FAMINE	dätä thuhu	dätä_thuhu	d ɐ t̪ ɐ + θ u h u					
10527	ImbaburaQuechua	Quechuan	FAMINE	yarjay	yarjay	j a ɾ x a j					
11714	Wichi	Matacoan	FAMINE	nainlo	nainlo	n a i n l o					
12988	Mapudungun	Araucanian	FAMINE	ngüñün	ngüñün	ŋ ɨ ɲ ɨ n					
899	Portuguese	Indo-European	FAN (ACTION)	ventilar	ventilar	v ẽ tʃ i l a ʁ					
900	Portuguese	Indo-European	FAN (ACTION)	abanar	abanar	a b ɐ n a ʁ					
2611	Spanish	Indo-European	FAN (ACTION)	abanicar	abanicar	a β a n i k a ɾ					
2612	Spanish	Indo-European	FAN (ACTION)	aventar	aventar	a β e n t a ɾ					
2613	Spanish	Indo-European	FAN (ACTION)	ventilar	ventilar	b e n t i l a ɾ					
4217	Yaqui	Uto-Aztecan	FAN (ACTION)	abanikaroa	abanikaroa	a b a n i k a r o a	Spanish	abanicar	2611	Spanish	a β a n i k a ɾ
4218	Yaqui	Uto-Aztecan	FAN (ACTION)	baijekta	baijekta	b a i j e k t a			2612	Spanish	a β e n t a ɾ
5591	ZinacantanTzotzil	Mayan	FAN (ACTION)	hik’a	hik’a	h i kʼ a					
5592	ZinacantanTzotzil	Mayan	FAN (ACTION)	vel	vel	v e l					
7059	Qeqchi	Mayan	FAN (ACTION)	waalesink	waalesink	w aː l e s i n kʰ					
9032	Otomi	Otomanguean	FAN (ACTION)	hitu̲ndähi	hitu̲ndähi	h i t̪ u n d ɐ h i					
10779	ImbaburaQuechua	Quechuan	FAN (ACTION)	wayrachina (1)	wayrachina	w a j ɾ a tʃ i n a					
11973	Wichi	Matacoan	FAN (ACTION)	lhayafwtej	lhayafwtej	lˠ a j a fʷ t e x					
13254	Mapudungun	Araucanian	FAN (ACTION)	mefürün	mefürün	m e f ɨ ɻ ɨ n					
1129	Portuguese	Indo-European	FATHOM	palmo	palmo	p au m u					
1130	Portuguese	Indo-European	FATHOM	braça	braça	b ɾ a s ɐ					
2862	Spanish	Indo-European	FATHOM	braza	braza	b ɾ a s a					
4418	Yaqui	Uto-Aztecan	FATHOM	mambebeme’eku	mambebeme’eku	m a m b e b e m e ʔ e k u					
7316	Qeqchi	Mayan	FATHOM	q'aal	q'aal	qʼ aː l					
7317	Qeqchi	Mayan	FATHOM	moqoj	moqoj	m o q o x					
9349	Otomi	Otomanguean	FATHOM	nthu̲fi	nthu̲fi	n θ u f i					
10936	ImbaburaQuechua	Quechuan	FATHOM	brasa	brasa	b ɾ a s a	Spanish	braza	2862	Spanish	b ɾ a s a
13420	Mapudungun	Araucanian	FATHOM	nufkü	nufkü	n u f k ɨ					
298	Portuguese	Indo-European	FIREFLY	pirilampo	pirilampo	p i ɾ i l ɐ̃ p u					
299	Portuguese	Indo-European	FIREFLY	vaga-lume	vaga-lume	v a ɡ a l u m i					
1994	Spanish	Indo-European	FIREFLY	luciérnaga	luciérnaga	l u s j ɛ ɾ n a ɣ a					
3713	Yaqui	Uto-Aztecan	FIREFLY	kuupis	kuupis	k uː p i s					
5121	ZinacantanTzotzil	Mayan	FIREFLY	kukay	kukay	k u k a j					
6442	Qeqchi	Mayan	FIREFLY	mams	mams	m a m s					
8296	Otomi	Otomanguean	FIREFLY	de̲'ni	de̲'ni	d æ ˀn i					
10371	ImbaburaQuechua	Quechuan	FIREFLY	ninakuru	ninakuru	n i n a k u ɾ u					
11549	Wichi	Matacoan	FIREFLY	fwitonaj	fwitonaj	fʷ i t o n a x					
1607	Portuguese	Indo-European	FISHHOOK	anzol	anzol	ɐ̃ z ɔu					
3375	Spanish	Indo-European	FISHHOOK	anzuelo	anzuelo	a n s w e l o					
4822	Yaqui	Uto-Aztecan	FISHHOOK	ansueelom	ansueelom	a n s u eː l o m	Spanish	anzuelo	3375	Spanish	a n s w e l o
6105	ZinacantanTzotzil	Mayan	FISHHOOK	tzakob choy	tzakob_choy	tsʰ a k o ɓ + tʃʰ o j					
7846	Qeqchi	Mayan	FISHHOOK	chapleb' kar	chapleb'_kar	tʃ a p l e ɓ + k a r					
7847	Qeqchi	Mayan	FISHHOOK	kuux re karab'k	kuux_re_karab'k	k uː ʃ + ɾ e + k a ɾ a ɓ kʰ					
10058	Otomi	Otomanguean	FISHHOOK	nthuts’i	nthuts’i	n θ u tsʼ i					
10059	Otomi	Otomanguean	FISHHOOK	'yofni	'yofni	ˀj o f n i					
12503	Wichi	Matacoan	FISHHOOK	timek	timek	t i m e k					
13756	Mapudungun	Araucanian	FISHHOOK	küli	küli	k ɨ l i					
1172	Portuguese	Indo-European	FIVE	cinco	cinco	s ĩ k u					
2905	Spanish	Indo-European	FIVE	cinco	cinco	s i n k o					
4453	Yaqui	Uto-Aztecan	FIVE	mamni	mamni	m a m n i					
4454	Yaqui	Uto-Aztecan	FIVE	sinko	sinko	s i n k o	Spanish	cinco	2905	Spanish	s i n k o
5799	ZinacantanTzotzil	Mayan	FIVE	vo7	vo7	v o ʔ					
7387	Qeqchi	Mayan	FIVE	oob', hoob'	oob'	oː ɓ					
9412	Otomi	Otomanguean	FIVE	ku̲t’a	ku̲t’a	k u t̪ʼ a					
10966	ImbaburaQuechua	Quechuan	FIVE	pishka	pishka	p i ʃ k a			2905	Spanish	s i n k o
12183	Wichi	Matacoan	FIVE	sinku	sinku	s i n k u	Spanish	cinco	2905	Spanish	s i n k o
13451	Mapudungun	Araucanian	FIVE	kechu	kechu	k e tʃ u					
698	Portuguese	Indo-European	FLOOR	chão	chão	ʃ ɐ̃ũ					
699	Portuguese	Indo-European	FLOOR	soalho	soalho	s o a ʎ u					
2394	Spanish	Indo-European	FLOOR	suelo	suelo	s w e l o					
4063	Yaqui	Uto-Aztecan	FLOOR	bwia	bwia	bʷ i a					
5453	ZinacantanTzotzil	Mayan	FLOOR	lumtik	lumtik	l u m t i k					
6846	Qeqchi	Mayan	FLOOR	ch’och’	ch’och’	tʃʼ o tʃʼ	Q’anjob’alan	ch’och’			
8741	Otomi	Otomanguean	FLOOR	hai	hai	h a i					
10650	ImbaburaQuechua	Quechuan	FLOOR	allpa	allpa	a ʒ p a					
11845	Wichi	Matacoan	FLOOR	hunhat	hunhat	h u n̥ a t					
13115	Mapudungun	Araucanian	FLOOR	püllü	püllü	p ɨ ʎ ɨ					
292	Portuguese	Indo-European	FLY (INSECT)	mosca	mosca	m ɔ ʃ k ɐ					
1987	Spanish	Indo-European	FLY (INSECT)	mosca	mosca	m o s k a					
3706	Yaqui	Uto-Aztecan	FLY (INSECT)	se’eboi	se’eboi	s e ʔ e b o i					
5116	ZinacantanTzotzil	Mayan	FLY (INSECT)	vo	vo	v o					
6422	Qeqchi	Mayan	FLY (INSECT)	b’ujl	b’ujl	ɓ u x l					
6423	Qeqchi	Mayan	FLY (INSECT)	utz’	utz’	u tsʼ					
8285	Otomi	Otomanguean	FLY (INSECT)	gin'we̲	gin'we̲	g i n ˀw æ					
10366	ImbaburaQuechua	Quechuan	FLY (INSECT)	chuspi	chuspi	tʃ u s p i					
11543	Wichi	Matacoan	FLY (INSECT)	atak	atak	a t a k					
12814	Mapudungun	Araucanian	FLY (INSECT)	püḻü	püḻü	p ɨ l̪ ɨ					
382	Portuguese	Indo-European	FOOT	pé	pé	p ɛ					
2079	Spanish	Indo-European	FOOT	pie	pie	p j e					
3789	Yaqui	Uto-Aztecan	FOOT	wokim	wokim	w o k i m					
5207	ZinacantanTzotzil	Mayan	FOOT	7okol	7okol	ʔ o k o l					
6525	Qeqchi	Mayan	FOOT	oq	oq	o qʰ					
8380	Otomi	Otomanguean	FOOT	wa (1)	wa	w a					
10440	ImbaburaQuechua	Quechuan	FOOT	chaki	chaki	tʃ a k i					
11621	Wichi	Matacoan	FOOT	topach’u	topach’u	t o p a tʃ ʔ u					
12893	Mapudungun	Araucanian	FOOT	ṉamuṉ	ṉamuṉ	n̪ a m u n̪					
679	Portuguese	Indo-European	GARDEN-HOUSE	casa de jardim	casa_de_jardim	k a z ɐ + dʒ i + ʒ a ʁ dʒ ĩ					
2376	Spanish	Indo-European	GARDEN-HOUSE	casa de huerta	casa_de_huerta	k a s a + ð e + w ɛ ɾ t a					
2377	Spanish	Indo-European	GARDEN-HOUSE	granja	granja	g ɾ a n x a					
4050	Yaqui	Uto-Aztecan	GARDEN-HOUSE	raanja	raanja	r aː n j a	Spanish	granja			
5443	ZinacantanTzotzil	Mayan	GARDEN-HOUSE	nail chobtik	nail_chobtik	n a i l + tʃʰ o ɓ t i k					
6828	Qeqchi	Mayan	GARDEN-HOUSE	tz'alam	tz'alam	tsʼ a l a m					
10641	ImbaburaQuechua	Quechuan	GARDEN-HOUSE	wirta	wirta	w i ɾ t a	Spanish	wirta			
1015	Portuguese	Indo-European	GET	obter	obter	o b t e ʁ					
1016	Portuguese	Indo-European	GET	conseguir	conseguir	k õ s e ɡ i ʁ					
2737	Spanish	Indo-European	GET	obtener	obtener	o β t e n ɛ ɾ					
2738	Spanish	Indo-European	GET	conseguir	conseguir	k o n s e ɣ i ɾ					
4324	Yaqui	Uto-Aztecan	GET	nu’uka	nu’uka	n u ʔ u k a					
5678	ZinacantanTzotzil	Mayan	GET	ta (2)	ta	t a					
5679	ZinacantanTzotzil	Mayan	GET	tama	tama	t a m a					
7196	Qeqchi	Mayan	GET	tawok	tawok	t a w o kʰ					
7197	Qeqchi	Mayan	GET	k’uluk	k’uluk	kʼ u l u kʰ					
9210	Otomi	Otomanguean	GET	hä (1)	hä	h ɐ					
9211	Otomi	Otomanguean	GET	pe̲ts'i	pe̲ts'i	p æ tsʼ i					
9212	Otomi	Otomanguean	GET	honi	honi	h o n i			2738	Spanish	k o n s e ɣ i ɾ
10855	ImbaburaQuechua	Quechuan	GET	tarina (1)	tarina	t a ɾ i n a					
13334	Mapudungun	Araucanian	GET	nien	nien	n i e n					
809	Portuguese	Indo-European	GOURD	cabaça	cabaça	k a b a s ɐ					
2511	Spanish	Indo-European	GOURD	calabaza	calabaza	k a l a β a s a					
4142	Yaqui	Uto-Aztecan	GOURD	aokos	aokos	a o k o s					
4143	Yaqui	Uto-Aztecan	GOURD	arokosi	arokosi	a r o k o s i					
5524	ZinacantanTzotzil	Mayan	GOURD	tzu	tzu	tsʰ u					
6949	Qeqchi	Mayan	GOURD	joom	joom	x oː m					
6950	Qeqchi	Mayan	GOURD	k’um	k’um	kʼ u m					
8866	Otomi	Otomanguean	GOURD	mu	mu	m u					
10719	ImbaburaQuechua	Quechuan	GOURD	zambu	zambu	z a m b u					
11911	Wichi	Matacoan	GOURD	ahwula	ahwula	a hʷ u l a					
461	Portuguese	Indo-European	HEALTHY	bem	bem	b ẽĩ					
462	Portuguese	Indo-European	HEALTHY	saúde	saúde	s a u dʒ i					
463	Portuguese	Indo-European	HEALTHY	são	são	s ɐ̃ũ					
2157	Spanish	Indo-European	HEALTHY	sano	sano	s a n o					
2158	Spanish	Indo-European	HEALTHY	salud	salud	s a l u ð					
3854	Yaqui	Uto-Aztecan	HEALTHY	kaa ko’okoe	kaa_ko’okoe	k aː + k o ʔ o k o e					
5274	ZinacantanTzotzil	Mayan	HEALTHY	k’ok’	k’ok’	kʼ o kʼ					
6608	Qeqchi	Mayan	HEALTHY	kawal	kawal	k a w a l					
8457	Otomi	Otomanguean	HEALTHY	‘yomu̲nhño	‘yomu̲nhño	ˀj o m u nʰ ɲ o					
10493	ImbaburaQuechua	Quechuan	HEALTHY	alli kawsay	alli_kawsay	a ʒ i + k a w s a j					
11676	Wichi	Matacoan	HEALTHY	takhajhay	takhajhay	t a kʰ a xʰ a j					
12948	Mapudungun	Araucanian	HEALTHY	tremolen	tremolen	ʈʂ e m o l e n					
12949	Mapudungun	Araucanian	HEALTHY	külfünkülen	külfünkülen	k ɨ l f ɨ n k ɨ l e n					
1557	Portuguese	Indo-European	HELP	ajudar	ajudar	a ʒ u d a ʁ					
3324	Spanish	Indo-European	HELP	ayudar	ayudar	a ʝ u ð a ɾ					
4790	Yaqui	Uto-Aztecan	HELP	ania (2)	ania	a n i a					
6080	ZinacantanTzotzil	Mayan	HELP	kolta	kolta	k o l t a					
6081	ZinacantanTzotzil	Mayan	HELP	7ich’ ta k’ush	7ich’_ta_k’ush	ʔ i tʃʼ + t a + kʼ u sʰ					
7800	Qeqchi	Mayan	HELP	kamab'k	kamab'k	k a m a ɓ kʰ					
7801	Qeqchi	Mayan	HELP	tenq'ank	tenq'ank	t e n qʼ a n kʰ					
9988	Otomi	Otomanguean	HELP	fa̲ts'i	fa̲ts'i	f ɔ tsʼ i					
11252	ImbaburaQuechua	Quechuan	HELP	yanapana	yanapana	j a n a p a n a					
12474	Wichi	Matacoan	HELP	tach’uta	tach’uta	t a tʃ ʔ u t a					
13731	Mapudungun	Araucanian	HELP	kellun	kellun	k e ʎ u n					
41	Portuguese	Indo-European	HIGH TIDE	maré alta	maré_alta	m a ɾ ɛ + au t ɐ					
42	Portuguese	Indo-European	HIGH TIDE	preamar	preamar	p ɾ i ɐ m a ʁ					
43	Portuguese	Indo-European	HIGH TIDE	praiamar	praiamar	p ɾ ai ɐ m a ʁ					
1724	Spanish	Indo-European	HIGH TIDE	pleamar	pleamar	p l e a m a ɾ					
3481	Yaqui	Uto-Aztecan	HIGH TIDE	bawe jikat bo’oka	bawe_jikat_bo’oka	b a w e + j i k a t + b o ʔ o k a					
7963	Otomi	Otomanguean	HIGH TIDE	dehe xi hñets’i	dehe_xi_hñets’i	d e h e + x i + h ɲ e tsʼ i					
12573	Mapudungun	Araucanian	HIGH TIDE	tripako	tripako	ʈʂ i p a k o					
1051	Portuguese	Indo-European	HIRE OR RENT	alugar	alugar	a l u ɡ a ʁ					
2774	Spanish	Indo-European	HIRE OR RENT	alquilar	alquilar	a l k i l a ɾ					
2775	Spanish	Indo-European	HIRE OR RENT	emplear	emplear	e m p l e a ɾ					
1261	Portuguese	Indo-European	HOUR	hora	hora	ɔ ɾ ɐ					
3000	Spanish	Indo-European	HOUR	hora	hora	o ɾ a					
4547	Yaqui	Uto-Aztecan	HOUR	oora	oora	oː r a	Spanish	hora			
5867	ZinacantanTzotzil	Mayan	HOUR	7ora	7ora	ʔ o ɾ a	Spanish	hora	3000	Spanish	o ɾ a
7498	Qeqchi	Mayan	HOUR	hoonal	hoonal	h oː n a l	Spanish	jornal			
7499	Qeqchi	Mayan	HOUR	oor	oor	oː r	Spanish	hora			
9533	Otomi	Otomanguean	HOUR	ora	ora	o r a	Spanish	ora	3000	Spanish	o ɾ a
11031	ImbaburaQuechua	Quechuan	HOUR	uras	uras	u ɾ a s	Spanish	horas	3000	Spanish	o ɾ a
12244	Wichi	Matacoan	HOUR	ora	ora	o r a	Spanish	hora	3000	Spanish	o ɾ a
13523	Mapudungun	Araucanian	HOUR	ora	ora	o ɻ a	Spanish	hora	3000	Spanish	o ɾ a
1460	Portuguese	Indo-European	HOW	como	como	k ɔ m u					
3218	Spanish	Indo-European	HOW	cómo	cómo	k o m o					
4711	Yaqui	Uto-Aztecan	HOW	jachinia	jachinia	j a tʃ i n i a					
6016	ZinacantanTzotzil	Mayan	HOW	k’u cha7al	k’u_cha7al	kʼ u + tʃʰ a ʔ a l					
7714	Qeqchi	Mayan	HOW	chan ru	chan_ru	tʃ a n + ɾ u					
9825	Otomi	Otomanguean	HOW	temu?	temu?	t̪ e m u					
9826	Otomi	Otomanguean	HOW	hanja('ä)?	hanja('ä)?	h a n x a ʔ ɐ					
9827	Otomi	Otomanguean	HOW	honja('ä)?	honja('ä)?	h o n x a ʔ ɐ					
9828	Otomi	Otomanguean	HOW	yogo('ä)?	yogo('ä)?	j o g o ʔ ɐ					
11181	ImbaburaQuechua	Quechuan	HOW	imashina	imashina	i m a ʃ i n a					
12399	Wichi	Matacoan	HOW	e’wuye	e’wuye	e ˀw u j e					
13667	Mapudungun	Araucanian	HOW	¿chumngechi?	¿chumngechi?	tʃ u m ŋ e tʃ i					
17	Portuguese	Indo-European	ISLAND	ilha	ilha	i ʎ ɐ					
1699	Spanish	Indo-European	ISLAND	isla	isla	i s l a					
3464	Yaqui	Uto-Aztecan	ISLAND	chopo’oria	chopo’oria	tʃ o p o ʔ o r i a					
6163	Qeqchi	Mayan	ISLAND	xyampi ha’	xyampi_ha’	ʃ j a m p i + h a ʔ					
6164	Qeqchi	Mayan	ISLAND	ch’och’ sutsu chi ha’	ch’och’_sutsu_chi_ha’	tʃʼ o tʃʼ + s u ts u + tʃ i + h a ʔ					
7939	Otomi	Otomanguean	ISLAND	hai mbo dehe	hai_mbo_dehe	h a i + m b o + d e h e					
11334	Wichi	Matacoan	ISLAND	lhiletaj	lhiletaj	lˠ i l e t a x					
12558	Mapudungun	Araucanian	ISLAND	wapi	wapi	w a p i					
1628	Portuguese	Indo-European	JUDGE	juiz	juiz	ʒ u i ʃ					
3393	Spanish	Indo-European	JUDGE	juez	juez	x w e s					
4837	Yaqui	Uto-Aztecan	JUDGE	joes	joes	j o e s	Spanish	juez	3393	Spanish	x w e s
7867	Qeqchi	Mayan	JUDGE	raqol aatin	raqol_aatin	r a q o l + aː t i n					
10089	Otomi	Otomanguean	JUDGE	akute	akute	a k u t̪ e					
10090	Otomi	Otomanguean	JUDGE	ndembu nzaya	ndembu_nzaya	n d e m b u + n z a j a					
11283	ImbaburaQuechua	Quechuan	JUDGE	jwis	jwis	x w i s	Spanish	juez	3393	Spanish	x w e s
12514	Wichi	Matacoan	JUDGE	jwes	jwes	xʷ e s	Spanish	juez	3393	Spanish	x w e s
13764	Mapudungun	Araucanian	JUDGE	kues	kues	k u e s	Spanish	juez	3393	Spanish	x w e s
1627	Portuguese	Indo-European	JUDGMENT	julgamento	julgamento	ʒ uu ɡ ɐ m ẽ t u					
3392	Spanish	Indo-European	JUDGMENT	juicio	juicio	x w i s j o					
4836	Yaqui	Uto-Aztecan	JUDGMENT	juisio	juisio	j u i s i o	Spanish	juicio	3392	Spanish	x w i s j o
7866	Qeqchi	Mayan	JUDGMENT	raqb'a' aatin	raqb'a'_aatin	r a q ɓ a ʔ + aː t i n					
10086	Otomi	Otomanguean	JUDGMENT	nt'e̲nt'i	nt'e̲nt'i	n t̪ʼ æ n t̪ʼ i					
10087	Otomi	Otomanguean	JUDGMENT	nthädi	nthädi	n θ ɐ d i					
10088	Otomi	Otomanguean	JUDGMENT	nts'u̲i	nts'u̲i	n tsʼ u i					
11282	ImbaburaQuechua	Quechuan	JUDGMENT	jwizhu	jwizhu	x w i ʒ u	Spanish	juicio	3392	Spanish	x w i s j o
529	Portuguese	Indo-European	KETTLE	chaleira	chaleira	ʃ a l ei ɾ ɐ					
2225	Spanish	Indo-European	KETTLE	caldera	caldera	k a l d ɛ ɾ a					
3910	Yaqui	Uto-Aztecan	KETTLE	soto’i	soto’i	s o t o ʔ i					
3911	Yaqui	Uto-Aztecan	KETTLE	bwe’u soto’i	bwe’u_soto’i	bʷ e ʔ u + s o t o ʔ i					
8548	Otomi	Otomanguean	KETTLE	dätä tsant'i ts'oe	dätä_tsant'i_ts'oe	d ɐ t̪ ɐ + ts a n t̪ʼ i + tsʼ o e					
10537	ImbaburaQuechua	Quechuan	KETTLE	manga	manga	m a ŋ g a					
11724	Wichi	Matacoan	KETTLE	pawa	pawa	p a w a	Spanish	pava			
493	Portuguese	Indo-European	LAME	coxo	coxo	k ɔ ʃ u					
2191	Spanish	Indo-European	LAME	lisiado	lisiado	l i s j a ð o					
3879	Yaqui	Uto-Aztecan	LAME	ko’okoe	ko’okoe	k o ʔ o k o e					
5300	ZinacantanTzotzil	Mayan	LAME	kosho	kosho	k o ʃ o	Spanish	cojo			
6641	Qeqchi	Mayan	LAME	sik	sik	s i kʰ					
8494	Otomi	Otomanguean	LAME	nwent’i	nwent’i	nʷ e n t̪ʼ i					
10513	ImbaburaQuechua	Quechuan	LAME	kibishka	kibishka	k i b i ʃ k a					
11699	Wichi	Matacoan	LAME	tak’efwiche	tak’efwiche	t a k ʔ e fʷ i tʃ e					
12974	Mapudungun	Araucanian	LAME	engkañngen	engkañngen	e ŋ k a ɲ ŋ e n					
1484	Portuguese	Indo-European	LANGUAGE	língua	língua	l ĩ ɡ w ɐ					
3245	Spanish	Indo-European	LANGUAGE	lengua	lengua	l e n g w a					
3246	Spanish	Indo-European	LANGUAGE	idioma	idioma	i ð j o m a					
4734	Yaqui	Uto-Aztecan	LANGUAGE	nooki	nooki	n oː k i					
6039	ZinacantanTzotzil	Mayan	LANGUAGE	k’op	k’op	kʼ o p					
7743	Qeqchi	Mayan	LANGUAGE	aatinob'aal	aatinob'aal	aː t i n o ɓ aː l					
9879	Otomi	Otomanguean	LANGUAGE	hñä	hñä	h ɲ ɐ					
11204	ImbaburaQuechua	Quechuan	LANGUAGE	shimi	shimi	ʃ i m i					
12422	Wichi	Matacoan	LANGUAGE	lhomtes	lhomtes	lˠ o m t e s					
13693	Mapudungun	Araucanian	LANGUAGE	zugun	zugun	z u ɰ u n					
13694	Mapudungun	Araucanian	LANGUAGE	kewüṉ	kewüṉ	k e w ɨ n̪					
960	Portuguese	Indo-European	LEAVE	partir	partir	p a ʁ tʃ i ʁ					
961	Portuguese	Indo-European	LEAVE	ir-se embora	ir-se_embora	i ʁ s i + ẽ b ɔ ɾ ɐ					
2675	Spanish	Indo-European	LEAVE	irse	irse	i ɾ s e					
2676	Spanish	Indo-European	LEAVE	marcharse	marcharse	m a ɾ tʃ a ɾ s e					
2677	Spanish	Indo-European	LEAVE	partir	partir	p a ɾ t i ɾ					
4273	Yaqui	Uto-Aztecan	LEAVE	si’ime (1)	si’ime	s i ʔ i m e					
5645	ZinacantanTzotzil	Mayan	LEAVE	totz ech’el	totz_ech’el	t o tsʰ + e tʃʼ e l					
7135	Qeqchi	Mayan	LEAVE	chapok b'e	chapok_b'e	tʃ a p o k + ɓ e					
9126	Otomi	Otomanguean	LEAVE	ma	ma	m a					
9127	Otomi	Otomanguean	LEAVE	pa	pa	p a					
9128	Otomi	Otomanguean	LEAVE	poni (1)	poni	p o n i					
10822	ImbaburaQuechua	Quechuan	LEAVE	rina (2)	rina	ʐ i n a					
12019	Wichi	Matacoan	LEAVE	yik (2)	yik	y i k					
13299	Mapudungun	Araucanian	LEAVE	tripan	tripan	ʈʂ i p a n					
425	Portuguese	Indo-European	LICK	lamber	lamber	l ɐ̃ b e ʁ					
2120	Spanish	Indo-European	LICK	lamer	lamer	l a m ɛ ɾ					
3828	Yaqui	Uto-Aztecan	LICK	be’okta	be’okta	b e ʔ o k t a					
5249	ZinacantanTzotzil	Mayan	LICK	lek’	lek’	l e kʼ					
6577	Qeqchi	Mayan	LICK	req'ok	req'ok	r e qʼ o kʰ					
8425	Otomi	Otomanguean	LICK	tet'e	tet'e	t̪ e t̪ʼ e					
10472	ImbaburaQuechua	Quechuan	LICK	lambina	lambina	l a m b i n a	Spanish	lamer	2120	Spanish	l a m ɛ ɾ
11653	Wichi	Matacoan	LICK	inap’e	inap’e	i n a p ʔ e					
12926	Mapudungun	Araucanian	LICK	küllman	küllman	k ɨ ʎ m a n					
94	Portuguese	Indo-European	LIGHT (IGNITE)	acender	acender	a s ẽ d e ʁ					
95	Portuguese	Indo-European	LIGHT (IGNITE)	atear	atear	a tʃ i a ʁ					
1774	Spanish	Indo-European	LIGHT (IGNITE)	encender	encender	e n s e n d ɛ ɾ					
3522	Yaqui	Uto-Aztecan	LIGHT (IGNITE)	taya	taya	t a j a					
4957	ZinacantanTzotzil	Mayan	LIGHT (IGNITE)	tiles	tiles	t i l e s					
6227	Qeqchi	Mayan	LIGHT (IGNITE)	tz’ab’	tz’ab’	tsʼ a ɓ					
6228	Qeqchi	Mayan	LIGHT (IGNITE)	k’ehok xam	k’ehok_xam	kʼ e h o k + ʃ a m					
8009	Otomi	Otomanguean	LIGHT (IGNITE)	the̲ti	the̲ti	θ æ t̪ i					
8010	Otomi	Otomanguean	LIGHT (IGNITE)	tso̲ke	tso̲ke	ts ə k e					
8011	Otomi	Otomanguean	LIGHT (IGNITE)	udi	udi	u d i					
8012	Otomi	Otomanguean	LIGHT (IGNITE)	fe̲ts'i	fe̲ts'i	f æ tsʼ i					
10223	ImbaburaQuechua	Quechuan	LIGHT (IGNITE)	japichina	japichina	x a p i tʃ i n a					
11381	Wichi	Matacoan	LIGHT (IGNITE)	wen	wen	w e n					
12623	Mapudungun	Araucanian	LIGHT (IGNITE)	üyümün	üyümün	ɨ y ɨ m ɨ n					
619	Portuguese	Indo-European	LOOM	tear	tear	tʃ i a ʁ					
2311	Spanish	Indo-European	LOOM	telar	telar	t e l a ɾ					
3993	Yaqui	Uto-Aztecan	LOOM	wikiata joowa’apo	wikiata_joowa’apo	w i k i a t a + j oː w a ʔ a p o					
5408	ZinacantanTzotzil	Mayan	LOOM	holobil	holobil	h o l o ɓ i l					
6773	Qeqchi	Mayan	LOOM	kemleb'	kemleb'	k e m l e ɓ					
8645	Otomi	Otomanguean	LOOM	'be	'be	ˀb e					
10604	ImbaburaQuechua	Quechuan	LOOM	tilar	tilar	t i l a ɾ	Spanish	telar	2311	Spanish	t e l a ɾ
11788	Wichi	Matacoan	LOOM	toyik (1)	toyik	t o j i k					
13063	Mapudungun	Araucanian	LOOM	witral	witral	w i ʈʂ a l					
217	Portuguese	Indo-European	MALE GOAT	bode	bode	b ɔ dʒ i					
1908	Spanish	Indo-European	MALE GOAT	chivo	chivo	tʃ i β o					
1909	Spanish	Indo-European	MALE GOAT	macho cabrío	macho_cabrío	m a tʃ o + k a β ɾ i o					
3642	Yaqui	Uto-Aztecan	MALE GOAT	kabaa	kabaa	k a b aː	Spanish	cabra			
6352	Qeqchi	Mayan	MALE GOAT	chib’aat	chib’aat	tʃ i ɓ aː tʰ	Spanish	chivo	1908	Spanish	tʃ i β o
8194	Otomi	Otomanguean	MALE GOAT	ndo̲t'äxi	ndo̲t'äxi	n d ə t̪ʼ ɐ x i					
10318	ImbaburaQuechua	Quechuan	MALE GOAT	chita	chita	tʃ i t a	Unidentified		1908	Spanish	tʃ i β o
11471	Wichi	Matacoan	MALE GOAT	kaila asnak	kaila_asnak	k a i l a + a s n a k	Spanish	cabra			
12763	Mapudungun	Araucanian	MALE GOAT	kapüra	kapüra	k a p ɨ ɻ a	Spanish	cabra			
12764	Mapudungun	Araucanian	MALE GOAT	chifu	chifu	tʃ i f u	Spanish	chivo	1908	Spanish	tʃ i β o
102	Portuguese	Indo-European	MAN	homem	homem	ɔ m ẽĩ					
1782	Spanish	Indo-European	MAN	hombre	hombre	o m b ɾ e					
3529	Yaqui	Uto-Aztecan	MAN	o’ou	o’ou	o ʔ o u					
4964	ZinacantanTzotzil	Mayan	MAN	mol	mol	m o l					
4965	ZinacantanTzotzil	Mayan	MAN	vinik	vinik	v i n i k					
6235	Qeqchi	Mayan	MAN	teelom	teelom	t eː l o m	Ch’olan	*tehlom			
6236	Qeqchi	Mayan	MAN	winq	winq	w i n qʰ					
8022	Otomi	Otomanguean	MAN	'ño̲ho̲	'ño̲ho̲	ˀɲ ə h ə					
10229	ImbaburaQuechua	Quechuan	MAN	kari (1)	kari	k a ɾ i					
11386	Wichi	Matacoan	MAN	hin’u	hin’u	h i n ʔ u					
12631	Mapudungun	Araucanian	MAN	wentru	wentru	w e n ʈʂ u					
122	Portuguese	Indo-European	MARRIAGE OR WEDDING	matrimônio	matrimônio	m a t ɾ i m o n j u					
123	Portuguese	Indo-European	MARRIAGE OR WEDDING	casamento	casamento	k a z ɐ m ẽ t u					
1799	Spanish	Indo-European	MARRIAGE OR WEDDING	casamiento	casamiento	k a s a m j e n t o					
1800	Spanish	Indo-European	MARRIAGE OR WEDDING	boda	boda	b o ð a					
686	Portuguese	Indo-European	MEETING HOUSE	casa de reunião	casa_de_reunião	k a z ɐ + dʒ i + ʁ eu n i ɐ̃ũ					
2383	Spanish	Indo-European	MEETING HOUSE	casa de reunión	casa_de_reunión	k a s a + ð e + r e u n j o n					
4054	Yaqui	Uto-Aztecan	MEETING HOUSE	auritoorio	auritoorio	a u r i t oː r i o	Spanish	auditorio			
4055	Yaqui	Uto-Aztecan	MEETING HOUSE	yaajiwa’apo	yaajiwa’apo	j aː j i w a ʔ a p o					
6832	Qeqchi	Mayan	MEETING HOUSE	ch'utleb'aal	ch'utleb'aal	tʃʼ u t l e ɓ aː l					
8730	Otomi	Otomanguean	MEETING HOUSE	nguu hmunts’i	nguu_hmunts’i	n g uː + h m u n tsʼ i					
10645	ImbaburaQuechua	Quechuan	MEETING HOUSE	tantanajuna wasi	tantanajuna_wasi	t a n d a n a x u n a + w a s i					
11838	Wichi	Matacoan	MEETING HOUSE	toheseyw’et	toheseyw’et	t o h e s e j w ʔ e t					
1399	Portuguese	Indo-European	MISTAKE	erro	erro	ɛ ʁ u					
3143	Spanish	Indo-European	MISTAKE	equivocación	equivocación	e k i β o k a s j o n					
3144	Spanish	Indo-European	MISTAKE	error	error	ɛ r o ɾ					
4656	Yaqui	Uto-Aztecan	MISTAKE	ji’opria	ji’opria	j i ʔ o p r i a					
7653	Qeqchi	Mayan	MISTAKE	sachjik	sachjik	s a tʃ x i kʰ					
9717	Otomi	Otomanguean	MISTAKE	nts'oni	nts'oni	n tsʼ o n i					
9718	Otomi	Otomanguean	MISTAKE	nts'o	nts'o	n tsʼ o					
9719	Otomi	Otomanguean	MISTAKE	'be̲di	'be̲di	ˀb æ d i					
11134	ImbaburaQuechua	Quechuan	MISTAKE	pantay	pantay	p a n d a j					
12351	Wichi	Matacoan	MISTAKE	witayej	witayej	w i t a j e x					
13619	Mapudungun	Araucanian	MISTAKE	welulkan	welulkan	w e l u l k a n					
294	Portuguese	Indo-European	MOSQUITO	mosquito	mosquito	m o s k i t u					
1989	Spanish	Indo-European	MOSQUITO	mosquito	mosquito	m o s k i t o					
3708	Yaqui	Uto-Aztecan	MOSQUITO	woo’o	woo’o	w oː ʔ o					
5118	ZinacantanTzotzil	Mayan	MOSQUITO	shenen	shenen	ʃ e n e n					
6426	Qeqchi	Mayan	MOSQUITO	suq	suq	s u qʰ					
6427	Qeqchi	Mayan	MOSQUITO	kok’ utz’	kok’_utz’	k o kʼ + u tsʼ					
6428	Qeqchi	Mayan	MOSQUITO	ch’een	ch’een	tʃʼ eː n					
8286	Otomi	Otomanguean	MOSQUITO	t'olo gin'we̲	t'olo_gin'we̲	t̪ʼ o l o + g i n ˀw æ					
10368	ImbaburaQuechua	Quechuan	MOSQUITO	chuspigu	chuspigu	tʃ u s p i g u					
11545	Wichi	Matacoan	MOSQUITO	yaphin’a	yaphin’a	y a pʰ i n ʔ a					
12815	Mapudungun	Araucanian	MOSQUITO	pichike püḻü	pichike_püḻü	p i tʃ i k e + p ɨ l̪ ɨ					
1119	Portuguese	Indo-European	NEAR	perto	perto	p ɛ ʁ t u					
1120	Portuguese	Indo-European	NEAR	próximo	próximo	p ɾ ɔ s i m u					
2851	Spanish	Indo-European	NEAR	cerca	cerca	s ɛ ɾ k a					
2852	Spanish	Indo-European	NEAR	próximo	próximo	p ɾ o k s i m o					
4405	Yaqui	Uto-Aztecan	NEAR	kaa mekka	kaa_mekka	k aː + m e k k a					
5752	ZinacantanTzotzil	Mayan	NEAR	nopol	nopol	n o p o l					
7306	Qeqchi	Mayan	NEAR	nach'	nach'	n a tʃʼ					
7307	Qeqchi	Mayan	NEAR	rik'in	rik'in	r i kʼ i n					
9341	Otomi	Otomanguean	NEAR	getu̲'bu̲	getu̲'bu̲	g e t̪ u ˀb u					
10928	ImbaburaQuechua	Quechuan	NEAR	kailllalla	kailllalla	k a i ʒ a ʒ a					
12143	Wichi	Matacoan	NEAR	nitufwayey	nitufwayey	n i t u fʷ a j e j					
13412	Mapudungun	Araucanian	NEAR	pülle	pülle	p ɨ ʎ e					
155	Portuguese	Indo-European	NEPHEW	sobrinho	sobrinho	s o b ɾ i ɲ u					
1835	Spanish	Indo-European	NEPHEW	sobrino	sobrino	s o β ɾ i n o					
3586	Yaqui	Uto-Aztecan	NEPHEW	asowaara ~ asowaala	asowaara	a s o w aː r a					
3587	Yaqui	Uto-Aztecan	NEPHEW	jakara	jakara	j a k a r a					
3588	Yaqui	Uto-Aztecan	NEPHEW	samali	samali	s a m a l i					
3589	Yaqui	Uto-Aztecan	NEPHEW	jabire	jabire	j a b i r e					
6289	Qeqchi	Mayan	NEPHEW	ral chaq’na’	ral_chaq’na’	r a l + tʃ a qʼ n a ʔ					
8084	Otomi	Otomanguean	NEPHEW	sobrinu	sobrinu	s o b r i n u	Spanish	sobrino	1835	Spanish	s o β ɾ i n o
10270	ImbaburaQuechua	Quechuan	NEPHEW	subrinu	subrinu	s u b ɾ i n u	Spanish	sobrino	1835	Spanish	s o β ɾ i n o
11424	Wichi	Matacoan	NEPHEW	towal’a	towal’a	t o w a l ʔ a					
12698	Mapudungun	Araucanian	NEPHEW	malle fotüm	malle_fotüm	m a ʎ e + f o t ɨ m					
12699	Mapudungun	Araucanian	NEPHEW	choküm	choküm	tʃ o k ɨ m					
12700	Mapudungun	Araucanian	NEPHEW	paḻu	paḻu	p a l̪ u					
12701	Mapudungun	Araucanian	NEPHEW	koñintu	koñintu	k o ɲ i n t u					
1220	Portuguese	Indo-European	NOW	agora	agora	a ɡ ɔ ɾ ɐ					
2952	Spanish	Indo-European	NOW	ahora	ahora	a o ɾ a					
4504	Yaqui	Uto-Aztecan	NOW	ian ~ i’ani	ian	i a n					
5834	ZinacantanTzotzil	Mayan	NOW	li7	li7	l i ʔ					
5835	ZinacantanTzotzil	Mayan	NOW	sha	sha	ʃ a					
7454	Qeqchi	Mayan	NOW	anaqwan	anaqwan	a n a qʷ a n					
9482	Otomi	Otomanguean	NOW	nu'bya	nu'bya	n u ˀb j a					
9483	Otomi	Otomanguean	NOW	-‘bya	-‘bya	ˀb j a					
11004	ImbaburaQuechua	Quechuan	NOW	kunan (1)	kunan	k u n a ŋ					
12222	Wichi	Matacoan	NOW	athana	athana	a tʰ a n a			2952	Spanish	a o ɾ a
13493	Mapudungun	Araucanian	NOW	fewla	fewla	f e w l a					
135	Portuguese	Indo-European	OLDER BROTHER	irmão mais velho	irmão_mais_velho	i ʁ m ɐ̃ũ + m ai ʃ + v ɛ ʎ u					
1812	Spanish	Indo-European	OLDER BROTHER	hermano mayor	hermano_mayor	ɛ ɾ m a n o + m a ʝ o ɾ					
3557	Yaqui	Uto-Aztecan	OLDER BROTHER	sai	sai	s a i					
4991	ZinacantanTzotzil	Mayan	OLDER BROTHER	shibnelal	shibnelal	ʃ i ɓ n e l a l					
4992	ZinacantanTzotzil	Mayan	OLDER BROTHER	bankilal	bankilal	ɓ a n k i l a l					
6268	Qeqchi	Mayan	OLDER BROTHER	as	as	a s					
8054	Otomi	Otomanguean	OLDER BROTHER	dätä jwädä	dätä_jwädä	d ɐ t̪ ɐ + xʷ ɐ d ɐ					
8055	Otomi	Otomanguean	OLDER BROTHER	dätä ida̲	dätä_ida̲	d ɐ t̪ ɐ + i d ɔ					
10252	ImbaburaQuechua	Quechuan	OLDER BROTHER	ruku wawki	ruku_wawki	ʐ u k u + w a w k i					
11406	Wichi	Matacoan	OLDER BROTHER	tochila	tochila	t o tʃ i l a					
12663	Mapudungun	Araucanian	OLDER BROTHER	wünen peñi	wünen_peñi	w ɨ n e n + p e ɲ i					
12664	Mapudungun	Araucanian	OLDER BROTHER	wünen wentru lamngen	wünen_wentru_lamngen	w ɨ n e n + w e n ʈʂ u + l a m ŋ e n					
583	Portuguese	Indo-European	OLIVE	azeitona	azeitona	a z ei t o n ɐ					
2275	Spanish	Indo-European	OLIVE	aceituna	aceituna	a s e i t u n a					
2276	Spanish	Indo-European	OLIVE	oliva	oliva	o l i β a					
3954	Yaqui	Uto-Aztecan	OLIVE	aseituuna	aseituuna	a s e i t uː n a	Spanish	aceituna	2275	Spanish	a s e i t u n a
6741	Qeqchi	Mayan	OLIVE	asetuna	asetuna	a s e t u n a	Spanish	aceituna	2275	Spanish	a s e i t u n a
10575	ImbaburaQuechua	Quechuan	OLIVE	asituna	asituna	a s i t u n a	Spanish	aceituna	2275	Spanish	a s e i t u n a
11759	Wichi	Matacoan	OLIVE	aceituna	aceituna	a c e i t u n a	Spanish	aceituna	2275	Spanish	a s e i t u n a
1199	Portuguese	Indo-European	PART	parte	parte	p a ʁ tʃ i					
1200	Portuguese	Indo-European	PART	pedaço	pedaço	p e d a s u					
1201	Portuguese	Indo-European	PART	peça	peça	p ɛ s ɐ					
2932	Spanish	Indo-European	PART	pedazo	pedazo	p e ð a s o					
2933	Spanish	Indo-European	PART	parte	parte	p a ɾ t e					
4487	Yaqui	Uto-Aztecan	PART	rebei	rebei	r e b e i					
7425	Qeqchi	Mayan	PART	ch’ol	ch’ol	tʃʼ o l					
7426	Qeqchi	Mayan	PART	raqal	raqal	r a q a l					
9450	Otomi	Otomanguean	PART	xe̲ni	xe̲ni	x æ n i					
10988	ImbaburaQuechua	Quechuan	PART	fiti	fiti	ɸ i t i					
12205	Wichi	Matacoan	PART	lhip	lhip	lˠ i p					
13473	Mapudungun	Araucanian	PART	kiñe triran	kiñe_triran	k i ɲ e + ʈʂ i ɻ a n					
13474	Mapudungun	Araucanian	PART	kiñe katrün	kiñe_katrün	k i ɲ e + k a ʈʂ ɨ n					
13475	Mapudungun	Araucanian	PART	kiñe trafon	kiñe_trafon	k i ɲ e + ʈʂ a f o n					
13476	Mapudungun	Araucanian	PART	pedaso	pedaso	p e θ a s o	Spanish	pedazo	2932	Spanish	p e ð a s o
1507	Portuguese	Indo-European	PEN	caneta	caneta	k ɐ n ɛ t ɐ					
3270	Spanish	Indo-European	PEN	pluma	pluma	p l u m a					
4756	Yaqui	Uto-Aztecan	PEN	pluuma	pluuma	p l uː m a	Spanish	pluma	3270	Spanish	p l u m a
7764	Qeqchi	Mayan	PEN	tz'iib'leb'	tz'iib'leb'	tsʼ iː ɓ l e ɓ					
9916	Otomi	Otomanguean	PEN	xi'ni t'ot'i	xi'ni_t'ot'i	x i ˀn i + t̪ʼ o t̪ʼ i					
9917	Otomi	Otomanguean	PEN	lapisero	lapisero	l a p i s e r o	Spanish	lapicero			
11224	ImbaburaQuechua	Quechuan	PEN	kilkana kaspi	kilkana_kaspi	k i l k a n a + k a s p i					
1521	Portuguese	Indo-European	PEOPLE	povo	povo	p ɔ v u					
3287	Spanish	Indo-European	PEOPLE	pueblo	pueblo	p w e β l o					
3288	Spanish	Indo-European	PEOPLE	gente	gente	x e n t e					
4769	Yaqui	Uto-Aztecan	PEOPLE	puepplo	puepplo	p u e p p l o	Spanish	pueblo	3287	Spanish	p w e β l o
7777	Qeqchi	Mayan	PEOPLE	tenamitil	tenamitil	t e n a m i t i l					
9938	Otomi	Otomanguean	PEOPLE	ya jä’i	ya_jä’i	j a + x ɐ ʔ i					
9939	Otomi	Otomanguean	PEOPLE	hnini	hnini	h n i n i					
11234	ImbaburaQuechua	Quechuan	PEOPLE	jinti (2)	jinti	x i n d i	Spanish	gente	3288	Spanish	x e n t e
12456	Wichi	Matacoan	PEOPLE	wichi	wichi	w i tʃ i					
13717	Mapudungun	Araucanian	PEOPLE	che	che	tʃ e					
776	Portuguese	Indo-European	PLANT (VEGETATION)	planta	planta	p l ɐ̃ t ɐ					
2474	Spanish	Indo-European	PLANT (VEGETATION)	planta	planta	p l a n t a					
4118	Yaqui	Uto-Aztecan	PLANT (VEGETATION)	juya	juya	j u j a					
5500	ZinacantanTzotzil	Mayan	PLANT (VEGETATION)	tz'i7lel	tz'i7lel	tsʰ ʔ i ʔ l e l					
6918	Qeqchi	Mayan	PLANT (VEGETATION)	awinq	awinq	a w i n qʰ					
8831	Otomi	Otomanguean	PLANT (VEGETATION)	do̲ni	do̲ni	d ə n i					
8832	Otomi	Otomanguean	PLANT (VEGETATION)	planta	planta	p l a n t̪ a	Spanish	planta	2474	Spanish	p l a n t a
10700	ImbaburaQuechua	Quechuan	PLANT (VEGETATION)	yura	yura	j u ɾ a					
11887	Wichi	Matacoan	PLANT (VEGETATION)	tokos	tokos	t o k o s					
13172	Mapudungun	Araucanian	PLANT (VEGETATION)	anümka	anümka	a n ɨ m k a					
1667	Portuguese	Indo-European	PREACH	pregar	pregar	p ɾ e ɡ a ʁ					
3435	Spanish	Indo-European	PREACH	predicar	predicar	p ɾ e ð i k a ɾ					
4872	Yaqui	Uto-Aztecan	PREACH	lionoka	lionoka	l i o n o k a	Spanish	dios			
7906	Qeqchi	Mayan	PREACH	k'eelenk	k'eelenk	k ʔ eː l e n kʰ					
10142	Otomi	Otomanguean	PREACH	mämbi	mämbi	m ɐ m b i					
10143	Otomi	Otomanguean	PREACH	mä	mä	m ɐ					
11311	ImbaburaQuechua	Quechuan	PREACH	kunana	kunana	k u n a n a					
12533	Wichi	Matacoan	PREACH	iwulhometa	iwulhometa	i w u lˠ o m e t a					
1664	Portuguese	Indo-European	PRIEST	sacerdote	sacerdote	s a s e ʁ d ɔ tʃ i					
3430	Spanish	Indo-European	PRIEST	cura	cura	k u ɾ a					
3431	Spanish	Indo-European	PRIEST	presbítero	presbítero	p ɾ ɛ s β i t ɛ ɾ o					
3432	Spanish	Indo-European	PRIEST	sacerdote	sacerdote	s a s ɛ ɾ ð o t e					
4870	Yaqui	Uto-Aztecan	PRIEST	paare	paare	p aː r e	Spanish	padre			
6135	ZinacantanTzotzil	Mayan	PRIEST	pale	pale	pʰ a l e	Spanish	padre			
7902	Qeqchi	Mayan	PRIEST	payr	payr	p a j r	Spanish	padre			
7903	Qeqchi	Mayan	PRIEST	chimam	chimam	tʃ i m a m					
10139	Otomi	Otomanguean	PRIEST	ma̲jä	ma̲jä	m ɔ x ɐ					
11309	ImbaburaQuechua	Quechuan	PRIEST	tayta kura	tayta_kura	t a j t a + k u ɾ a	Spanish	cura	3430	Spanish	k u ɾ a
12530	Wichi	Matacoan	PRIEST	pastul	pastul	p a s t u l	Spanish	pastor			
12531	Wichi	Matacoan	PRIEST	tohesewu	tohesewu	t o h e s e w u					
315	Portuguese	Indo-European	PUBIC HAIR	pêlo púbico	pêlo_púbico	p e l u + p u b i k u					
2012	Spanish	Indo-European	PUBIC HAIR	pelo púbico	pelo_púbico	p e l o + p u β i k o					
3728	Yaqui	Uto-Aztecan	PUBIC HAIR	boam	boam	b o a m					
5139	ZinacantanTzotzil	Mayan	PUBIC HAIR	tzisanil	tzisanil	tsʰ i s a n i l					
5140	ZinacantanTzotzil	Mayan	PUBIC HAIR	tzon	tzon	tsʰ o n					
6460	Qeqchi	Mayan	PUBIC HAIR	ismal	ismal	i s m a l					
8313	Otomi	Otomanguean	PUBIC HAIR	xingu (1)	xingu	x i n g u					
10385	ImbaburaQuechua	Quechuan	PUBIC HAIR	milma	milma	m i l m a					
11564	Wichi	Matacoan	PUBIC HAIR	tolhu w’uley	tolhu_w’uley	t o lˠ u + w ʔ u l e j					
11565	Wichi	Matacoan	PUBIC HAIR	tose w’uley	tose_w’uley	t o s e + w ʔ u l e j					
12836	Mapudungun	Araucanian	PUBIC HAIR	kallcha	kallcha	k a ʎ tʃ a					
1428	Portuguese	Indo-European	PUPIL (STUDENT)	aluno	aluno	a l u n u					
3182	Spanish	Indo-European	PUPIL (STUDENT)	alumno	alumno	a l u m n o					
4680	Yaqui	Uto-Aztecan	PUPIL (STUDENT)	majtawame	majtawame	m a j t a w a m e					
5993	ZinacantanTzotzil	Mayan	PUPIL (STUDENT)	hchanvun	hchanvun	h tʃʰ a n v u n					
7684	Qeqchi	Mayan	PUPIL (STUDENT)	tzolom	tzolom	t z o l o m					
7685	Qeqchi	Mayan	PUPIL (STUDENT)	tijom	tijom	t i x o m					
9768	Otomi	Otomanguean	PUPIL (STUDENT)	xa̲di (1)	xa̲di	x ɔ d i					
9769	Otomi	Otomanguean	PUPIL (STUDENT)	'yoskwela	'yoskwela	ˀj o s kʷ e l a	Spanish	escuela			
11156	ImbaburaQuechua	Quechuan	PUPIL (STUDENT)	yachajuk	yachajuk	j a tʃ a x u k					
12373	Wichi	Matacoan	PUPIL (STUDENT)	lachefwenek	lachefwenek	l a tʃ e fʷ e n e k					
13643	Mapudungun	Araucanian	PUPIL (STUDENT)	kimpelu	kimpelu	k i m p e l u					
13644	Mapudungun	Araucanian	PUPIL (STUDENT)	azümpelu	azümpelu	a z ɨ m p e l u					
1531	Portuguese	Indo-European	QUEEN	rainha	rainha	ʁ ai ɲ ɐ					
3298	Spanish	Indo-European	QUEEN	reina	reina	r e i n a					
7785	Qeqchi	Mayan	QUEEN	qana	qana	q a n a			3298	Spanish	r e i n a
9949	Otomi	Otomanguean	QUEEN	‘behñä ndä	‘behñä_ndä	ˀb e h ɲ ɐ + n d ɐ					
11240	ImbaburaQuechua	Quechuan	QUEEN	apuk	apuk	a p u k					
12462	Wichi	Matacoan	QUEEN	niyat	niyat	n i j a t					
999	Portuguese	Indo-European	RAFT	balsa	balsa	b au s ɐ					
2716	Spanish	Indo-European	RAFT	balsa	balsa	b a l s a					
4308	Yaqui	Uto-Aztecan	RAFT	bajut	bajut	b a j u t			2716	Spanish	b a l s a
7184	Qeqchi	Mayan	RAFT	poyte'	poyte'	p o j t e ʔ	Ch’olan	pooyte’			
71	Portuguese	Indo-European	RAINBOW	arco-íris	arco-íris	a ʁ k o i ɾ i ʃ					
1751	Spanish	Indo-European	RAINBOW	arco iris	arco_iris	a ɾ k o + i ɾ i s					
3502	Yaqui	Uto-Aztecan	RAINBOW	kurues	kurues	k u r u e s					
4935	ZinacantanTzotzil	Mayan	RAINBOW	me7 k’inubal	me7_k’inubal	m e ʔ + kʼ i n u ɓ a l					
4936	ZinacantanTzotzil	Mayan	RAINBOW	vaknab	vaknab	v a k n a b	Chamula Tzotzil	vak-nab			
6204	Qeqchi	Mayan	RAINBOW	kaqlaaq’	kaqlaaq’	k a q l aː qʼ					
7986	Otomi	Otomanguean	RAINBOW	‘be̲jini	‘be̲jini	ˀb æ x i n i					
10204	ImbaburaQuechua	Quechuan	RAINBOW	kuychi	kuychi	k u j tʃ i					
11362	Wichi	Matacoan	RAINBOW	lawu	lawu	l a w u					
12598	Mapudungun	Araucanian	RAINBOW	relmu	relmu	ɻ e l m u					
1494	Portuguese	Indo-European	REFUSE	recusar	recusar	ʁ e k u z a ʁ					
3258	Spanish	Indo-European	REFUSE	rehusar	rehusar	r e u s a ɾ					
4744	Yaqui	Uto-Aztecan	REFUSE	kaa a mabeta	kaa_a_mabeta	k aː + a + m a b e t a					
6049	ZinacantanTzotzil	Mayan	REFUSE	p’ah (2)	p’ah	pʼ a h					
7753	Qeqchi	Mayan	REFUSE	ink’a’ xq’ulub’ank	ink’a’_xq’ulub’ank	i n kʼ a ʔ + ʃ qʼ u l u ɓ a n kʰ					
9893	Otomi	Otomanguean	REFUSE	hingi hä	hingi_hä	h i n g i + h ɐ					
11213	ImbaburaQuechua	Quechuan	REFUSE	mana nina (1)	mana_nina	m a n a + n i n a					
12431	Wichi	Matacoan	REFUSE	hatachemhinlo’	hatachemhinlo’	h a t a tʃ e m̥ i n l o ʔ					
13701	Mapudungun	Araucanian	REFUSE	pinon	pinon	p i n o n					
1654	Portuguese	Indo-European	RELIGION	religião	religião	ʁ e l i ʒ i ɐ̃ũ					
3419	Spanish	Indo-European	RELIGION	religión	religión	r e l i x j o n					
4863	Yaqui	Uto-Aztecan	RELIGION	relijion	relijion	r e l i j i o n	Spanish	religión	3419	Spanish	r e l i x j o n
7895	Qeqchi	Mayan	RELIGION	paab'aal	paab'aal	p aː ɓ aː l					
10121	Otomi	Otomanguean	RELIGION	nzojwä	nzojwä	n z o xʷ ɐ					
10122	Otomi	Otomanguean	RELIGION	hmat'u̲jwä	hmat'u̲jwä	h m a t̪ʼ u xʷ ɐ					
10123	Otomi	Otomanguean	RELIGION	ndäne jwä	ndäne_jwä	n d ɐ n e + xʷ ɐ					
11303	ImbaburaQuechua	Quechuan	RELIGION	rilijyún	rilijyún	ʐ i l i x j u ŋ	Spanish	religión	3419	Spanish	r e l i x j o n
13777	Mapudungun	Araucanian	RELIGION	relijion	relijion	ɻ e l i j i o n	Spanish	religión	3419	Spanish	r e l i x j o n
1086	Portuguese	Indo-European	REMAIN	ficar	ficar	f i k a ʁ					
2818	Spanish	Indo-European	REMAIN	quedar	quedar	k e ð a ɾ					
2819	Spanish	Indo-European	REMAIN	permanecer	permanecer	p ɛ ɾ m a n e s ɛ ɾ					
4382	Yaqui	Uto-Aztecan	REMAIN	tawala	tawala	t a w a l a					
5730	ZinacantanTzotzil	Mayan	REMAIN	kom	kom	k o m					
7271	Qeqchi	Mayan	REMAIN	kanaak	kanaak	k a n aː kʰ					
9301	Otomi	Otomanguean	REMAIN	kohi	kohi	k o h i					
10906	ImbaburaQuechua	Quechuan	REMAIN	sakirina	sakirina	s a k i ɾ i n a					
12118	Wichi	Matacoan	REMAIN	imolhehi	imolhehi	i m o lˠ e h i					
13388	Mapudungun	Araucanian	REMAIN	mülekan	mülekan	m ɨ l e k a n					
321	Portuguese	Indo-European	RIB	costela	costela	k o ʃ t ɛ l ɐ					
2018	Spanish	Indo-European	RIB	costilla	costilla	k o s t i ʝ a					
3733	Yaqui	Uto-Aztecan	RIB	sana’im	sana’im	s a n a ʔ i m					
5149	ZinacantanTzotzil	Mayan	RIB	ch’elopil	ch’elopil	tʃʼ e l o p i l					
5150	ZinacantanTzotzil	Mayan	RIB	ch’ilte7il	ch’ilte7il	tʃʼ i l t e ʔ i l					
6465	Qeqchi	Mayan	RIB	poolok'il	poolok'il	p oː l o kʼ i l					
8318	Otomi	Otomanguean	RIB	'bo̲ts'e	'bo̲ts'e	ˀb ə tsʼ e					
10390	ImbaburaQuechua	Quechuan	RIB	kustilla	kustilla	k u s t i ʒ a	Spanish	costilla	2018	Spanish	k o s t i ʝ a
11570	Wichi	Matacoan	RIB	sijlhile	sijlhile	s i x lˠ i l e					
12841	Mapudungun	Araucanian	RIB	kazi	kazi	k a z i					
523	Portuguese	Indo-European	ROAST OR FRY	assar	assar	a s a ʁ					
524	Portuguese	Indo-European	ROAST OR FRY	fritar	fritar	f ɾ i t a ʁ					
525	Portuguese	Indo-European	ROAST OR FRY	frigir	frigir	f ɾ i ʒ i ʁ					
2220	Spanish	Indo-European	ROAST OR FRY	asar	asar	a s a ɾ					
2221	Spanish	Indo-European	ROAST OR FRY	freír	freír	f ɾ e i ɾ					
3906	Yaqui	Uto-Aztecan	ROAST OR FRY	soba	soba	s o b a					
3907	Yaqui	Uto-Aztecan	ROAST OR FRY	kisaaroa	kisaaroa	k i s aː r o a	Spanish	guisar			
5328	ZinacantanTzotzil	Mayan	ROAST OR FRY	vo (2)	vo	v o					
5329	ZinacantanTzotzil	Mayan	ROAST OR FRY	ch’il	ch’il	tʃʼ i l					
6678	Qeqchi	Mayan	ROAST OR FRY	pomok	pomok	p o m o kʰ					
6679	Qeqchi	Mayan	ROAST OR FRY	sisank	sisank	s i s a n kʰ					
8540	Otomi	Otomanguean	ROAST OR FRY	häxi	häxi	h ɐ x i					
8541	Otomi	Otomanguean	ROAST OR FRY	tsäni	tsäni	ts ɐ n i					
8542	Otomi	Otomanguean	ROAST OR FRY	thu̲t'i	thu̲t'i	θ u t̪ʼ i					
10534	ImbaburaQuechua	Quechuan	ROAST OR FRY	kusana (1)	kusana	k u s a n a					
11721	Wichi	Matacoan	ROAST OR FRY	hip’u	hip’u	h i p ʔ u					
12994	Mapudungun	Araucanian	ROAST OR FRY	kangkan	kangkan	k a ŋ k a n	Quechua	kankay			
12995	Mapudungun	Araucanian	ROAST OR FRY	kuen	kuen	k u e n					
12996	Mapudungun	Araucanian	ROAST OR FRY	fürin	fürin	f ɨ ɻ i n	Spanish	freir	2221	Spanish	f ɾ e i ɾ
1324	Portuguese	Indo-European	ROUGH	áspero	áspero	a ʃ p e ɾ u					
3063	Spanish	Indo-European	ROUGH	áspero	áspero	a s p ɛ ɾ o					
4601	Yaqui	Uto-Aztecan	ROUGH	sosoko	sosoko	s o s o k o					
5918	ZinacantanTzotzil	Mayan	ROUGH	ch'ixaltik	ch'ixaltik	tʃʰ ʔ i ʃ a l t i k					
7566	Qeqchi	Mayan	ROUGH	b'iqb'iq	b'iqb'iq	ɓ i q ɓ i qʰ					
7567	Qeqchi	Mayan	ROUGH	purux	purux	p u ɾ u ʃ					
7568	Qeqchi	Mayan	ROUGH	b'urux b'urux	b'urux_b'urux	ɓ u ɾ u ʃ + ɓ u ɾ u ʃ					
7569	Qeqchi	Mayan	ROUGH	k'urux	k'urux	k ʔ u ɾ u ʃ	Ch’olan	*k’urux			
7570	Qeqchi	Mayan	ROUGH	turux	turux	t u ɾ u ʃ					
9628	Otomi	Otomanguean	ROUGH	xi nzadi	xi_nzadi	x i + n z a d i					
11082	ImbaburaQuechua	Quechuan	ROUGH	shagra	shagra	ʃ a g ɾ a					
12296	Wichi	Matacoan	ROUGH	yelaj	yelaj	y e l a x					
13566	Mapudungun	Araucanian	ROUGH	ningül	ningül	n i ŋ ɨ l					
481	Portuguese	Indo-European	SCAR	cicatriz	cicatriz	s i k a t ɾ i ʃ					
2177	Spanish	Indo-European	SCAR	cicatriz	cicatriz	s i k a t ɾ i s					
3866	Yaqui	Uto-Aztecan	SCAR	yore’eria	yore’eria	j o r e ʔ e r i a					
5288	ZinacantanTzotzil	Mayan	SCAR	7av lastima	7av_lastima	ʔ a v + l a s t i m a	Spanish	la*stima			
5289	ZinacantanTzotzil	Mayan	SCAR	senya	senya	s e n j a	Spanish	seNa			
6624	Qeqchi	Mayan	SCAR	xna'aj tiiq'	xna'aj_tiiq'	ʃ n a ʔ a x + t iː qʼ					
6625	Qeqchi	Mayan	SCAR	yotolal	yotolal	j o t o l a l					
6626	Qeqchi	Mayan	SCAR	reetalil tiq'ilal	reetalil_tiq'ilal	r eː t a l i l + t i qʼ i l a l					
8477	Otomi	Otomanguean	SCAR	señä	señä	s e ɲ ɐ	Spanish	señal			
8478	Otomi	Otomanguean	SCAR	nthe̲ni	nthe̲ni	n θ æ n i					
11688	Wichi	Matacoan	SCAR	amuyik	amuyik	a m u j i k					
1301	Portuguese	Indo-European	SEE	ver	ver	v e ʁ					
3041	Spanish	Indo-European	SEE	ver	ver	b ɛ ɾ					
4581	Yaqui	Uto-Aztecan	SEE	bicha	bicha	b i tʃ a					
5894	ZinacantanTzotzil	Mayan	SEE	7il	7il	ʔ i l					
5895	ZinacantanTzotzil	Mayan	SEE	7ilbe sat	7ilbe_sat	ʔ i l ɓ e + s a tʰ					
5896	ZinacantanTzotzil	Mayan	SEE	k’ot sat	k’ot_sat	kʼ o t + s a tʰ					
7539	Qeqchi	Mayan	SEE	ilok	ilok	i l o kʰ					
9589	Otomi	Otomanguean	SEE	nu (1)	nu	n u					
9590	Otomi	Otomanguean	SEE	k’äts’i	k’äts’i	k ʔ ɐ tsʼ i					
11063	ImbaburaQuechua	Quechuan	SEE	rikuna (1)	rikuna	ʐ i k u n a					
12277	Wichi	Matacoan	SEE	hiw’en (1)	hiw’en	h i w ʔ e n					
13548	Mapudungun	Araucanian	SEE	pen	pen	p e n					
1590	Portuguese	Indo-European	SHIELD	escudo	escudo	i ʃ k u d u					
3355	Spanish	Indo-European	SHIELD	escudo	escudo	ɛ s k u ð o					
7830	Qeqchi	Mayan	SHIELD	lak’am, lakam	lak’am	l a kʼ a m	Ch’olan	lakam			
10026	Otomi	Otomanguean	SHIELD	ñänte	ñänte	ɲ ɐ n t̪ e					
10027	Otomi	Otomanguean	SHIELD	nxu̲ni (2)	nxu̲ni	n x u n i					
10028	Otomi	Otomanguean	SHIELD	'ma̲i	'ma̲i	ˀm ɔ i					
11266	ImbaburaQuechua	Quechuan	SHIELD	unancha	unancha	u n a n dʒ a					
1082	Portuguese	Indo-European	SIT	sentar-se	sentar-se	s ẽ t a ʁ s i					
2814	Spanish	Indo-European	SIT	sentar	sentar	s e n t a ɾ					
4376	Yaqui	Uto-Aztecan	SIT	yejte	yejte	j e j t e					
4377	Yaqui	Uto-Aztecan	SIT	joote	joote	j oː t e					
5727	ZinacantanTzotzil	Mayan	SIT	tzuni	tzuni	tsʰ u n i					
7266	Qeqchi	Mayan	SIT	chunlaak	chunlaak	tʃ u n l aː kʰ	Ch’olan	chum			
7267	Qeqchi	Mayan	SIT	woq'laak	woq'laak	w o qʼ l aː kʰ					
9295	Otomi	Otomanguean	SIT	hudi	hudi	h u d i					
10903	ImbaburaQuechua	Quechuan	SIT	tiyarina (1)	tiyarina	t i j a ɾ i n a					
12114	Wichi	Matacoan	SIT	tataypho	tataypho	t a t a j pʰ o					
13384	Mapudungun	Araucanian	SIT	anün	anün	a n ɨ n					
331	Portuguese	Indo-European	SKULL	crânio	crânio	k ɾ ɐ n j u					
332	Portuguese	Indo-European	SKULL	caveira	caveira	k a v ei ɾ ɐ					
2026	Spanish	Indo-European	SKULL	cráneo	cráneo	k ɾ a n e o					
2027	Spanish	Indo-European	SKULL	calavera	calavera	k a l a β ɛ ɾ a					
3740	Yaqui	Uto-Aztecan	SKULL	koba ota	koba_ota	k o b a + o t a			2027	Spanish	k a l a β ɛ ɾ a
5156	ZinacantanTzotzil	Mayan	SKULL	hol 7anima	hol_7anima	h o l + ʔ a n i m a	Spanish	a*nima			
5157	ZinacantanTzotzil	Mayan	SKULL	bakel hol 7anima	bakel_hol_7anima	ɓ a k e l + h o l + ʔ a n i m a	Spanish	a*nima			
6473	Qeqchi	Mayan	SKULL	b'aqel jolom	b'aqel_jolom	ɓ a q e l + x o l o m					
8326	Otomi	Otomanguean	SKULL	doxu̲mo	doxu̲mo	d o x u m o					
8327	Otomi	Otomanguean	SKULL	nju̲nu̲ndo'yo	nju̲nu̲ndo'yo	n x u n u n d o ˀj o					
10396	ImbaburaQuechua	Quechuan	SKULL	uma tullu	uma_tullu	u m a + t u ʒ u					
11576	Wichi	Matacoan	SKULL	tolhetek lhile	tolhetek_lhile	t o lˠ e t e k + lˠ i l e					
12848	Mapudungun	Araucanian	SKULL	lengleng	lengleng	l e ŋ l e ŋ					
1279	Portuguese	Indo-European	SNIFF	fungar	fungar	f ũ ɡ a ʁ					
1280	Portuguese	Indo-European	SNIFF	farejar	farejar	f a ɾ e ʒ a ʁ					
3019	Spanish	Indo-European	SNIFF	husmear	husmear	u s m e a ɾ					
4566	Yaqui	Uto-Aztecan	SNIFF	jukjukta	jukjukta	j u k j u k t a					
5882	ZinacantanTzotzil	Mayan	SNIFF	7a7ibe 7ik’	7a7ibe_7ik’	ʔ a ʔ i ɓ e + ʔ i kʼ					
7519	Qeqchi	Mayan	SNIFF	rutz’b’al	rutz’b’al	r u tsʼ ɓ a l					
9561	Otomi	Otomanguean	SNIFF	hunts'i	hunts'i	h u n tsʼ i					
11049	ImbaburaQuechua	Quechuan	SNIFF	mutijina	mutijina	m u t i x i n a					
12263	Wichi	Matacoan	SNIFF	tan’isinch’uya	tan’isinch’uya	t a n ʔ i s i n tʃ ʔ u j a					
13535	Mapudungun	Araucanian	SNIFF	ṉümüṉümütun	ṉümüṉümütun	n̪ ɨ m ɨ n̪ ɨ m ɨ t u n					
1126	Portuguese	Indo-European	SOUTH	sul	sul	s uu					
2859	Spanish	Indo-European	SOUTH	sur	sur	s u ɾ					
4413	Yaqui	Uto-Aztecan	SOUTH	ta’ata yeu weye betana	ta’ata_yeu_weye_betana	t a ʔ a t a + j e u + w e j e + b e t a n a					
4414	Yaqui	Uto-Aztecan	SOUTH	suur	suur	s uː r	Spanish	sur			
5759	ZinacantanTzotzil	Mayan	SOUTH	shokon vinahel	shokon_vinahel	ʃ o k o n + v i n a h e l					
7312	Qeqchi	Mayan	SOUTH	rokeb' iq'	rokeb'_iq'	r o k e ɓ + i qʼ					
9346	Otomi	Otomanguean	SOUTH	sur	sur	s u r	Spanish	sur	2859	Spanish	s u ɾ
10933	ImbaburaQuechua	Quechuan	SOUTH	bichai	bichai	b i tʃ a i					
12148	Wichi	Matacoan	SOUTH	tapinhi	tapinhi	t a p i n̥ i					
13417	Mapudungun	Araucanian	SOUTH	willi	willi	w i ʎ i					
1477	Portuguese	Indo-European	SPEAK	falar	falar	f a l a ʁ					
3237	Spanish	Indo-European	SPEAK	hablar	hablar	a β l a ɾ					
4728	Yaqui	Uto-Aztecan	SPEAK	nooka	nooka	n oː k a					
6035	ZinacantanTzotzil	Mayan	SPEAK	k’opoh	k’opoh	kʼ o p o h					
7735	Qeqchi	Mayan	SPEAK	aatinamank	aatinamank	aː t i n a m a n kʰ					
7736	Qeqchi	Mayan	SPEAK	saaraq'ik	saaraq'ik	s aː ɾ a qʼ i kʰ					
9860	Otomi	Otomanguean	SPEAK	ñä (2)	ñä	ɲ ɐ					
9861	Otomi	Otomanguean	SPEAK	ñä tx'u̲tho	ñä_tx'u̲tho	ɲ ɐ + t̪ x ʔ u θ o					
9862	Otomi	Otomanguean	SPEAK	ñä xi hño	ñä_xi_hño	ɲ ɐ + x i + h ɲ o					
9863	Otomi	Otomanguean	SPEAK	ñämfo̲	ñämfo̲	ɲ ɐ m f ə					
9864	Otomi	Otomanguean	SPEAK	ñänhwaro	ñänhwaro	ɲ ɐ nʷʰ a r o					
9865	Otomi	Otomanguean	SPEAK	ñätho	ñätho	ɲ ɐ θ o					
9866	Otomi	Otomanguean	SPEAK	ñäthä	ñäthä	ɲ ɐ θ ɐ					
9867	Otomi	Otomanguean	SPEAK	ñäñho	ñäñho	ɲ ɐ ɲʰ o					
11198	ImbaburaQuechua	Quechuan	SPEAK	rimana (1)	rimana	ʐ i m a n a					
12416	Wichi	Matacoan	SPEAK	yomlhi	yomlhi	y o m lˠ i					
13686	Mapudungun	Araucanian	SPEAK	zungun	zungun	z u ŋ u n					
13687	Mapudungun	Araucanian	SPEAK	nütramkan	nütramkan	n ɨ ʈʂ a m k a n					
287	Portuguese	Indo-European	SPIDER WEB	teia de aranha	teia_de_aranha	t ei ɐ + dʒ i + a ɾ ɐ ɲ ɐ					
1982	Spanish	Indo-European	SPIDER WEB	telaraɲa	telaraɲa	t e l a ɾ a ɲ a					
3698	Yaqui	Uto-Aztecan	SPIDER WEB	witosa	witosa	w i t o s a					
6416	Qeqchi	Mayan	SPIDER WEB	xkem aj am	xkem_aj_am	ʃ k e m + a x + a m					
8279	Otomi	Otomanguean	SPIDER WEB	namu̲xe	namu̲xe	n a m u x e					
10361	ImbaburaQuechua	Quechuan	SPIDER WEB	urukilla	urukilla	u ɾ u k i ʒ a					
11526	Wichi	Matacoan	SPIDER WEB	chuhut kaniyhoy	chuhut_kaniyhoy	tʃ u h u t + k a n i j h o j					
12809	Mapudungun	Araucanian	SPIDER WEB	ngüren lalüng	ngüren_lalüng	ŋ ɨ ɻ e n + l a l ɨ ŋ					
401	Portuguese	Indo-European	STOMACH	estômago	estômago	i ʃ t o m a ɡ u					
402	Portuguese	Indo-European	STOMACH	barriga	barriga	b a ʁ i ɡ ɐ					
2097	Spanish	Indo-European	STOMACH	estómago	estómago	ɛ s t o m a ɣ o					
2098	Spanish	Indo-European	STOMACH	barriga	barriga	b a r i ɣ a					
3808	Yaqui	Uto-Aztecan	STOMACH	toma	toma	t o m a			2097	Spanish	ɛ s t o m a ɣ o
5225	ZinacantanTzotzil	Mayan	STOMACH	ch’util	ch’util	tʃʼ u t i l					
6544	Qeqchi	Mayan	STOMACH	job’nil	job’nil	x o ɓ n i l	Ch’olan	*job’nel			
8401	Otomi	Otomanguean	STOMACH	mu̲i (2)	mu̲i	m u i					
10456	ImbaburaQuechua	Quechuan	STOMACH	puzun	puzun	p u z u ŋ	Barbacoan	puzan			
11638	Wichi	Matacoan	STOMACH	tots’e	tots’e	t o ts ʔ e					
12910	Mapudungun	Araucanian	STOMACH	pütra	pütra	p ɨ ʈʂ a	Quechua	patra			
828	Portuguese	Indo-European	STRIKE OR BEAT	bater	bater	b a t e ʁ					
829	Portuguese	Indo-European	STRIKE OR BEAT	golpear	golpear	ɡ ɔu p i a ʁ					
2533	Spanish	Indo-European	STRIKE OR BEAT	golpear	golpear	g o l p e a ɾ					
4161	Yaqui	Uto-Aztecan	STRIKE OR BEAT	beba	beba	b e b a					
5541	ZinacantanTzotzil	Mayan	STRIKE OR BEAT	mah	mah	m a h					
5542	ZinacantanTzotzil	Mayan	STRIKE OR BEAT	bah	bah	ɓ a h					
6977	Qeqchi	Mayan	STRIKE OR BEAT	b'ujuk	b'ujuk	ɓ u x u kʰ					
6978	Qeqchi	Mayan	STRIKE OR BEAT	ketok	ketok	k e t o kʰ					
6979	Qeqchi	Mayan	STRIKE OR BEAT	potz'ok	potz'ok	p o tsʼ o kʰ					
6980	Qeqchi	Mayan	STRIKE OR BEAT	tenok	tenok	t e n o kʰ	Ch’olan	*ten			
6981	Qeqchi	Mayan	STRIKE OR BEAT	wojok	wojok	w o x o kʰ					
8895	Otomi	Otomanguean	STRIKE OR BEAT	umbi	umbi	u m b i					
8896	Otomi	Otomanguean	STRIKE OR BEAT	fa'mi	fa'mi	f a ˀm i					
8897	Otomi	Otomanguean	STRIKE OR BEAT	fati	fati	f a t̪ i					
8898	Otomi	Otomanguean	STRIKE OR BEAT	fant’i	fant’i	f a n t̪ʼ i					
8899	Otomi	Otomanguean	STRIKE OR BEAT	fu̲t'i	fu̲t'i	f u t̪ʼ i					
8900	Otomi	Otomanguean	STRIKE OR BEAT	hu̲hni	hu̲hni	h u h n i					
8901	Otomi	Otomanguean	STRIKE OR BEAT	hu̲t'i	hu̲t'i	h u t̪ʼ i					
10733	ImbaburaQuechua	Quechuan	STRIKE OR BEAT	takana	takana	t a k a n a					
11925	Wichi	Matacoan	STRIKE OR BEAT	yikojlhi	yikojlhi	y i k o x lˠ i					
13200	Mapudungun	Araucanian	STRIKE OR BEAT	mütrongün	mütrongün	m ɨ ʈʂ o ŋ ɨ n					
13201	Mapudungun	Araucanian	STRIKE OR BEAT	palolpaloltun	palolpaloltun	p a l o l p a l o l t u n					
514	Portuguese	Indo-European	SUCK	chupar	chupar	ʃ u p a ʁ					
515	Portuguese	Indo-European	SUCK	sugar	sugar	s u ɡ a ʁ					
2213	Spanish	Indo-European	SUCK	chupar	chupar	tʃ u p a ɾ					
3897	Yaqui	Uto-Aztecan	SUCK	che’e	che’e	tʃ e ʔ e					
3898	Yaqui	Uto-Aztecan	SUCK	chuune	chuune	tʃ uː n e					
5320	ZinacantanTzotzil	Mayan	SUCK	tz’utz’	tz’utz’	tsʼ u tsʼ					
6669	Qeqchi	Mayan	SUCK	tz'ub'uk	tz'ub'uk	tsʼ u ɓ u kʰ					
8525	Otomi	Otomanguean	SUCK	juts’i	juts’i	x u tsʼ i					
8526	Otomi	Otomanguean	SUCK	tsu̲hni	tsu̲hni	ts u h n i					
8527	Otomi	Otomanguean	SUCK	tsu̲t'i	tsu̲t'i	ts u t̪ʼ i					
10528	ImbaburaQuechua	Quechuan	SUCK	chupana (1)	chupana	tʃ u p a n a	Spanish	chupar	2213	Spanish	tʃ u p a ɾ
11715	Wichi	Matacoan	SUCK	hits’e	hits’e	h i ts ʔ e					
12989	Mapudungun	Araucanian	SUCK	fochizün	fochizün	f o tʃ i z ɨ n					
1443	Portuguese	Indo-European	SUSPECT	suspeitar	suspeitar	s u ʃ p ei t a ʁ					
3201	Spanish	Indo-European	SUSPECT	sospechar	sospechar	s o s p e tʃ a ɾ					
4695	Yaqui	Uto-Aztecan	SUSPECT	junentule	junentule	j u n e n t u l e					
7700	Qeqchi	Mayan	SUSPECT	xk’a’uxlankil	xk’a’uxlankil	ʃ kʼ a ʔ u ʃ l a n k i l					
9796	Otomi	Otomanguean	SUSPECT	beni	beni	b e n i					
9797	Otomi	Otomanguean	SUSPECT	ntso̲'mi	ntso̲'mi	n ts ə ˀm i					
9798	Otomi	Otomanguean	SUSPECT	nsu	nsu	ⁿs u					
12387	Wichi	Matacoan	SUSPECT	titsefwana	titsefwana	t i ts e fʷ a n a					
324	Portuguese	Indo-European	TAIL	cauda	cauda	k au d ɐ					
325	Portuguese	Indo-European	TAIL	rabo	rabo	ʁ a b u					
2020	Spanish	Indo-European	TAIL	cola	cola	k o l a					
3735	Yaqui	Uto-Aztecan	TAIL	bwasia	bwasia	bʷ a s i a					
5152	ZinacantanTzotzil	Mayan	TAIL	neil	neil	n e i l					
6467	Qeqchi	Mayan	TAIL	ye	ye	j e					
8320	Otomi	Otomanguean	TAIL	ts'u̲ (1)	ts'u̲	ts ʔ u					
10392	ImbaburaQuechua	Quechuan	TAIL	chupa	chupa	tʃ u p a					
11572	Wichi	Matacoan	TAIL	tochos	tochos	t o tʃ o s					
12843	Mapudungun	Araucanian	TAIL	külen	külen	k ɨ l e n			2020	Spanish	k o l a
606	Portuguese	Indo-European	TAILOR	alfaiate	alfaiate	au f ai a tʃ i					
2298	Spanish	Indo-European	TAILOR	sastre	sastre	s a s t ɾ e					
3980	Yaqui	Uto-Aztecan	TAILOR	tajo’ota jojoame	tajo’ota_jojoame	t a j o ʔ o t a + j o j o a m e					
6763	Qeqchi	Mayan	TAILOR	aj b’ojonel	aj_b’ojonel	a x + ɓ o x o n e l					
8631	Otomi	Otomanguean	TAILOR	‘we̲di	‘we̲di	ˀw æ d i					
8632	Otomi	Otomanguean	TAILOR	'we̲’bitu	'we̲’bitu	ˀw æ ʔ b i t̪ u					
11779	Wichi	Matacoan	TAILOR	totsekkawu	totsekkawu	t o ts e k k a w u					
1429	Portuguese	Indo-European	TEACHER	professor	professor	p ɾ o f e s ɔ ʁ					
3183	Spanish	Indo-European	TEACHER	profesor	profesor	p ɾ o f e s o ɾ					
3184	Spanish	Indo-European	TEACHER	maestro	maestro	m a ɛ s t ɾ o					
4681	Yaqui	Uto-Aztecan	TEACHER	maejto	maejto	m a e j t o	Spanish	maestro	3184	Spanish	m a ɛ s t ɾ o
4682	Yaqui	Uto-Aztecan	TEACHER	propesor	propesor	p r o p e s o r	Spanish	profesor	3183	Spanish	p ɾ o f e s o ɾ
5994	ZinacantanTzotzil	Mayan	TEACHER	hchanubtavaneh	hchanubtavaneh	h tʃʰ a n u ɓ t a v a n e h					
5995	ZinacantanTzotzil	Mayan	TEACHER	mayshtro	mayshtro	m a j ʃ t ɾ o	Spanish	maestro	3184	Spanish	m a ɛ s t ɾ o
7686	Qeqchi	Mayan	TEACHER	tzolonel	tzolonel	t z o l o n e l					
7687	Qeqchi	Mayan	TEACHER	q'usunel	q'usunel	qʼ u s u n e l					
9770	Otomi	Otomanguean	TEACHER	xa̲mbate	xa̲mbate	x ɔ m b a t̪ e					
9771	Otomi	Otomanguean	TEACHER	xa̲hnate	xa̲hnate	x ɔ h n a t̪ e					
9772	Otomi	Otomanguean	TEACHER	mästro	mästro	m ɐ s t̪ r o	Spanish	maestro	3184	Spanish	m a ɛ s t ɾ o
9773	Otomi	Otomanguean	TEACHER	'ñutate	'ñutate	ˀɲ u t̪ a t̪ e					
11157	ImbaburaQuechua	Quechuan	TEACHER	yachachik	yachachik	j a tʃ a tʃ i k					
12374	Wichi	Matacoan	TEACHER	mayistalu	mayistalu	m a j i s t a l u	Spanish	maestro	3184	Spanish	m a ɛ s t ɾ o
13645	Mapudungun	Araucanian	TEACHER	kimeltuchefe	kimeltuchefe	k i m e l t u tʃ e f e					
1370	Portuguese	Indo-European	TEAR (OF EYE)	lágrima	lágrima	l a ɡ ɾ i m ɐ					
3111	Spanish	Indo-European	TEAR (OF EYE)	lágrima	lágrima	l a ɣ ɾ i m a					
4632	Yaqui	Uto-Aztecan	TEAR (OF EYE)	opoam	opoam	o p o a m					
7618	Qeqchi	Mayan	TEAR (OF EYE)	xya'al u	xya'al_u	ʃ j a ʔ a l + u					
9678	Otomi	Otomanguean	TEAR (OF EYE)	gida̲	gida̲	g i d ɔ					
11112	ImbaburaQuechua	Quechuan	TEAR (OF EYE)	biki	biki	b i k i					
12327	Wichi	Matacoan	TEAR (OF EYE)	tat’eti	tat’eti	t a t ʔ e t i					
13597	Mapudungun	Araucanian	TEAR (OF EYE)	külleñu	külleñu	k ɨ ʎ e ɲ u					
1410	Portuguese	Indo-European	THINK (REFLECT)	pensar	pensar	p ẽ s a ʁ					
3159	Spanish	Indo-European	THINK (REFLECT)	pensar	pensar	p e n s a ɾ					
4665	Yaqui	Uto-Aztecan	THINK (REFLECT)	ea	ea	e a					
5973	ZinacantanTzotzil	Mayan	THINK (REFLECT)	7a7i	7a7i	ʔ a ʔ i					
5974	ZinacantanTzotzil	Mayan	THINK (REFLECT)	na7	na7	n a ʔ					
5975	ZinacantanTzotzil	Mayan	THINK (REFLECT)	nop	nop	n o p					
7665	Qeqchi	Mayan	THINK (REFLECT)	k'a'uxlak	k'a'uxlak	k ʔ a ʔ u ʃ l a kʰ					
9735	Otomi	Otomanguean	THINK (REFLECT)	mbeni	mbeni	m b e n i					
9736	Otomi	Otomanguean	THINK (REFLECT)	'yomfeni	'yomfeni	ˀj o m f e n i					
11141	ImbaburaQuechua	Quechuan	THINK (REFLECT)	yuyana	yuyana	j u j a n a					
12358	Wichi	Matacoan	THINK (REFLECT)	tichunlhi	tichunlhi	t i tʃ u n lˠ i					
13625	Mapudungun	Araucanian	THINK (REFLECT)	rakizuamün	rakizuamün	ɻ a k i z u a m ɨ n					
181	Portuguese	Indo-European	THOU	tu	tu	t u					
182	Portuguese	Indo-European	THOU	você	você	v o s e					
1863	Spanish	Indo-European	THOU	tú	tú	t u					
1864	Spanish	Indo-European	THOU	usted	usted	u s t ɛ ð					
3614	Yaqui	Uto-Aztecan	THOU	empo	empo	e m p o					
5029	ZinacantanTzotzil	Mayan	THOU	vo7ot	vo7ot	v o ʔ o tʰ					
6319	Qeqchi	Mayan	THOU	laa’at, at	laa’at	l aː ʔ a tʰ					
8117	Otomi	Otomanguean	THOU	nu'i	nu'i	n u ʔ i					
8118	Otomi	Otomanguean	THOU	nu'ä'i	nu'ä'i	n u ʔ ɐ ʔ i					
8119	Otomi	Otomanguean	THOU	ge'i	ge'i	g e ʔ i					
8120	Otomi	Otomanguean	THOU	ge'e	ge'e	g e ʔ e					
8121	Otomi	Otomanguean	THOU	ge'ñe	ge'ñe	g e ˀɲ e					
10293	ImbaburaQuechua	Quechuan	THOU	kan	kan	k a ŋ					
11443	Wichi	Matacoan	THOU	am	am	a m					
12732	Mapudungun	Araucanian	THOU	eymi	eymi	e y m i					
1184	Portuguese	Indo-European	THOUSAND	mil	mil	m iu					
2917	Spanish	Indo-European	THOUSAND	mil	mil	m i l					
4475	Yaqui	Uto-Aztecan	THOUSAND	miil	miil	m iː l	Spanish	mil	2917	Spanish	m i l
5811	ZinacantanTzotzil	Mayan	THOUSAND	mil (2)	mil	m i l	Spanish	mil	2917	Spanish	m i l
7398	Qeqchi	Mayan	THOUSAND	lajeeb' syent	lajeeb'_syent	l a x eː ɓ + s j e n tʰ					
9423	Otomi	Otomanguean	THOUSAND	mil	mil	m i l	Spanish	mil	2917	Spanish	m i l
9424	Otomi	Otomanguean	THOUSAND	're̲t'anthebe	're̲t'anthebe	ˀr æ t̪ʼ a n θ e b e					
10977	ImbaburaQuechua	Quechuan	THOUSAND	waranga	waranga	w a ɾ a ŋ g a					
12194	Wichi	Matacoan	THOUSAND	mil	mil	m i l	Spanish	mil	2917	Spanish	m i l
13462	Mapudungun	Araucanian	THOUSAND	warangka	warangka	w a ɻ a ŋ k a	Aymara	waranqa			
1501	Portuguese	Indo-European	THREATEN	ameaçar	ameaçar	ɐ m i a s a ʁ					
3265	Spanish	Indo-European	THREATEN	amenazar	amenazar	a m e n a s a ɾ					
4751	Yaqui	Uto-Aztecan	THREATEN	menasaroa	menasaroa	m e n a s a r o a	Spanish	amenazar	3265	Spanish	a m e n a s a ɾ
6057	ZinacantanTzotzil	Mayan	THREATEN	sibtas	sibtas	s i ɓ t a s					
7758	Qeqchi	Mayan	THREATEN	k'ehok eetal	k'ehok_eetal	k ʔ e h o k + eː t a l					
9908	Otomi	Otomanguean	THREATEN	pidi	pidi	p i d i					
11219	ImbaburaQuechua	Quechuan	THREATEN	manchachina	manchachina	m a n dʒ a tʃ i n a					
12439	Wichi	Matacoan	THREATEN	y’oytena	y’oytena	y ʔ o j t e n a					
13706	Mapudungun	Araucanian	THREATEN	añelün	añelün	a ɲ e l ɨ n					
1212	Portuguese	Indo-European	TIME	tempo	tempo	t ẽ p u					
2944	Spanish	Indo-European	TIME	tiempo	tiempo	t j e m p o					
4497	Yaqui	Uto-Aztecan	TIME	tiempo	tiempo	t i e m p o	Spanish	tiempo	2944	Spanish	t j e m p o
5827	ZinacantanTzotzil	Mayan	TIME	7ora	7ora	ʔ o ɾ a	Spanish	hora			
5828	ZinacantanTzotzil	Mayan	TIME	tyempo	tyempo	t j e m p o	Spanish	tiempo	2944	Spanish	t j e m p o
7441	Qeqchi	Mayan	TIME	kutan	kutan	k u t a n					
7442	Qeqchi	Mayan	TIME	q'iil	q'iil	qʼ iː l					
9468	Otomi	Otomanguean	TIME	pa (1)	pa	p a					
10998	ImbaburaQuechua	Quechuan	TIME	timpu	timpu	t i m b u	Spanish	tiempo			
12212	Wichi	Matacoan	TIME	lawhoy	lawhoy	l a w̥ o j					
13486	Mapudungun	Araucanian	TIME	antü	antü	a n t ɨ	Aymara	inti			
1620	Portuguese	Indo-European	TRAP (PITFALL)	cilada	cilada	s i l a d ɐ					
1621	Portuguese	Indo-European	TRAP (PITFALL)	armadilha	armadilha	a ʁ m a dʒ i ʎ ɐ					
3387	Spanish	Indo-European	TRAP (PITFALL)	trampa	trampa	t ɾ a m p a					
4831	Yaqui	Uto-Aztecan	TRAP (PITFALL)	taampa	taampa	t aː m p a	Spanish	trampa	3387	Spanish	t ɾ a m p a
6112	ZinacantanTzotzil	Mayan	TRAP (PITFALL)	petz’	petz’	pʰ e tsʼ					
7859	Qeqchi	Mayan	TRAP (PITFALL)	ch'imb'	ch'imb'	tʃʼ i m ɓ					
7860	Qeqchi	Mayan	TRAP (PITFALL)	ra'al	ra'al	r a ʔ a l					
10078	Otomi	Otomanguean	TRAP (PITFALL)	njadi	njadi	n x a d i					
11278	ImbaburaQuechua	Quechuan	TRAP (PITFALL)	trampa	trampa	t ɾ a m b a	Spanish	trampa	3387	Spanish	t ɾ a m p a
12510	Wichi	Matacoan	TRAP (PITFALL)	timek	timek	t i m e k					
13761	Mapudungun	Araucanian	TRAP (PITFALL)	wachi	wachi	w a tʃ i					
795	Portuguese	Indo-European	TREE STUMP	toco	toco	t ɔ k u					
2494	Spanish	Indo-European	TREE STUMP	tocón	tocón	t o k o n					
2495	Spanish	Indo-European	TREE STUMP	cepa	cepa	s e p a					
4132	Yaqui	Uto-Aztecan	TREE STUMP	naawa	naawa	n aː w a					
5513	ZinacantanTzotzil	Mayan	TREE STUMP	chak te7	chak_te7	tʃʰ a k + t e ʔ					
5514	ZinacantanTzotzil	Mayan	TREE STUMP	chuman te7	chuman_te7	tʃʰ u m a n + t e ʔ					
6934	Qeqchi	Mayan	TREE STUMP	toon	toon	t oː n			2494	Spanish	t o k o n
8853	Otomi	Otomanguean	TREE STUMP	ndu̲nzaa	ndu̲nzaa	n d u n z aː					
10710	ImbaburaQuechua	Quechuan	TREE STUMP	putu (1)	putu	p u t u					
11903	Wichi	Matacoan	TREE STUMP	hal’o	hal’o	h a l ʔ o					
715	Portuguese	Indo-European	TROUGH	gamela	gamela	ɡ ɐ m ɛ l ɐ					
2411	Spanish	Indo-European	TROUGH	batea	batea	b a t e a					
2412	Spanish	Indo-European	TROUGH	artesa	artesa	a ɾ t e s a					
4077	Yaqui	Uto-Aztecan	TROUGH	batea	batea	b a t e a	Spanish	batea	2411	Spanish	b a t e a
5467	ZinacantanTzotzil	Mayan	TROUGH	hom	hom	h o m					
6866	Qeqchi	Mayan	TROUGH	job’che’	job’che’	x o ɓ tʃ e ʔ					
8762	Otomi	Otomanguean	TROUGH	motsa	motsa	m o ts a					
8763	Otomi	Otomanguean	TROUGH	'bo̲de	'bo̲de	ˀb ə d e					
10660	ImbaburaQuechua	Quechuan	TROUGH	batiya	batiya	b a t i j a	Taino		2411	Spanish	b a t e a
13129	Mapudungun	Araucanian	TROUGH	fatia	fatia	f a t i a	Spanish	batea	2411	Spanish	b a t e a
1389	Portuguese	Indo-European	TRUE	verdadeiro	verdadeiro	v e ʁ d a d ei ɾ u					
3133	Spanish	Indo-European	TRUE	verdadero	verdadero	b ɛ ɾ ð a ð ɛ ɾ o					
4646	Yaqui	Uto-Aztecan	TRUE	tua	tua	t u a					
5956	ZinacantanTzotzil	Mayan	TRUE	melel	melel	m e l e l					
7638	Qeqchi	Mayan	TRUE	yaal	yaal	j aː l					
9698	Otomi	Otomanguean	TRUE	makwäni	makwäni	m a kʷ ɐ n i					
11125	ImbaburaQuechua	Quechuan	TRUE	ali willay	ali_willay	a l i + w i ʒ a j					
12342	Wichi	Matacoan	TRUE	matche	matche	m a t tʃ e					
13611	Mapudungun	Araucanian	TRUE	rüf	rüf	ɻ ɨ f					
142	Portuguese	Indo-European	TWINS	gêmeos	gêmeos	ʒ e m i u ʃ					
1819	Spanish	Indo-European	TWINS	gemelos	gemelos	x e m e l o s					
1820	Spanish	Indo-European	TWINS	mellizo	mellizo	m e ʝ i s o					
3562	Yaqui	Uto-Aztecan	TWINS	wo’orim	wo’orim	w o ʔ o r i m					
4999	ZinacantanTzotzil	Mayan	TWINS	vach	vach	v a tʃʰ					
6274	Qeqchi	Mayan	TWINS	lut	lut	l u tʰ	Ch’olan	*lut			
8065	Otomi	Otomanguean	TWINS	kwate	kwate	kʷ a t̪ e	Nahuatl	cohuatl			
10257	ImbaburaQuechua	Quechuan	TWINS	millisus	millisus	m i ʒ i s u s	Spanish	mellizos	1820	Spanish	m e ʝ i s o
11410	Wichi	Matacoan	TWINS	tokwhi	tokwhi	t o kʷ + h i					
11411	Wichi	Matacoan	TWINS	meyisu	meyisu	m e j i s u	Spanish	mellizo	1820	Spanish	m e ʝ i s o
149	Portuguese	Indo-European	UNCLE	tio	tio	t j ɔ					
1829	Spanish	Indo-European	UNCLE	tío	tío	t i o					
3574	Yaqui	Uto-Aztecan	UNCLE	samai	samai	s a m a i					
3575	Yaqui	Uto-Aztecan	UNCLE	taata (1)	taata	t aː t a					
3576	Yaqui	Uto-Aztecan	UNCLE	kumui	kumui	k u m u i					
3577	Yaqui	Uto-Aztecan	UNCLE	jaabi	jaabi	j aː b i					
5005	ZinacantanTzotzil	Mayan	UNCLE	jun totil	jun_totil	ħ u n + t o t i l					
6283	Qeqchi	Mayan	UNCLE	ikan	ikan	i k a n					
8075	Otomi	Otomanguean	UNCLE	'we	'we	ˀw e					
8076	Otomi	Otomanguean	UNCLE	tiyo	tiyo	t̪ i j o	Spanish	tío	1829	Spanish	t i o
10264	ImbaburaQuechua	Quechuan	UNCLE	tiyu (1)	tiyu	t i j u	Spanish	tío	1829	Spanish	t i o
11418	Wichi	Matacoan	UNCLE	towithuk	towithuk	t o w i tʰ u k					
1414	Portuguese	Indo-European	UNDERSTAND	compreender	compreender	k õ p ɾ e ẽ d e ʁ					
3163	Spanish	Indo-European	UNDERSTAND	entender	entender	e n t e n d ɛ ɾ					
3164	Spanish	Indo-European	UNDERSTAND	comprender	comprender	k o m p ɾ e n d ɛ ɾ					
4668	Yaqui	Uto-Aztecan	UNDERSTAND	mammatte	mammatte	m a m m a t t e					
5978	ZinacantanTzotzil	Mayan	UNDERSTAND	7a7i	7a7i	ʔ a ʔ i					
7668	Qeqchi	Mayan	UNDERSTAND	tawok xyaalal	tawok_xyaalal	t a w o k + ʃ j aː l a l					
9741	Otomi	Otomanguean	UNDERSTAND	o̲de	o̲de	ə d e					
9742	Otomi	Otomanguean	UNDERSTAND	o̲te	o̲te	ə t̪ e					
11144	ImbaburaQuechua	Quechuan	UNDERSTAND	intindina	intindina	i n d i n d i n a	Spanish	entender			
12361	Wichi	Matacoan	UNDERSTAND	yihanej	yihanej	y i h a n e x					
13628	Mapudungun	Araucanian	UNDERSTAND	allkün	allkün	a ʎ k ɨ n					
1077	Portuguese	Indo-European	UP	em cima	em_cima	ẽĩ + s i m ɐ					
1078	Portuguese	Indo-European	UP	sôbre	sôbre	s o b ɾ i					
2809	Spanish	Indo-European	UP	arriba	arriba	a r i β a					
2810	Spanish	Indo-European	UP	encima	encima	e n s i m a					
4372	Yaqui	Uto-Aztecan	UP	bepa	bepa	b e p a					
7262	Qeqchi	Mayan	UP	taqe'q	taqe'q	t a q e ʔ qʰ					
9285	Otomi	Otomanguean	UP	maxots'e	maxots'e	m a x o tsʼ e					
9286	Otomi	Otomanguean	UP	mañä	mañä	m a ɲ ɐ					
10900	ImbaburaQuechua	Quechuan	UP	jawa (1)	jawa	x a w a					
12106	Wichi	Matacoan	UP	ikpho	ikpho	i k pʰ o					
13382	Mapudungun	Araucanian	UP	wenu	wenu	w e n u					
1052	Portuguese	Indo-European	WAGES	salário	salário	s a l a ɾ j u					
2776	Spanish	Indo-European	WAGES	salario	salario	s a l a ɾ j o					
2777	Spanish	Indo-European	WAGES	sueldo	sueldo	s w ɛ l d o					
4350	Yaqui	Uto-Aztecan	WAGES	tomiyo’ori	tomiyo’ori	t o m i j o ʔ o r i	Arabic (Hispanic)	túmn			
5702	ZinacantanTzotzil	Mayan	WAGES	tohol	tohol	t o h o l					
7233	Qeqchi	Mayan	WAGES	po	po	p o	Mixe-Zoquean	*poy’a			
9250	Otomi	Otomanguean	WAGES	nthe̲t'i	nthe̲t'i	n θ æ t̪ʼ i					
12087	Wichi	Matacoan	WAGES	lakow’oj	lakow’oj	l a k o w ʔ o x					
13358	Mapudungun	Araucanian	WAGES	sweldo	sweldo	s w e l θ o	Spanish	sueldo	2777	Spanish	s w ɛ l d o
947	Portuguese	Indo-European	WALK	andar	andar	ɐ̃ d a ʁ					
948	Portuguese	Indo-European	WALK	caminhar	caminhar	k ɐ m i ɲ a ʁ					
2662	Spanish	Indo-European	WALK	caminar	caminar	k a m i n a ɾ					
2663	Spanish	Indo-European	WALK	andar	andar	a n d a ɾ					
4259	Yaqui	Uto-Aztecan	WALK	weye	weye	w e j e					
4260	Yaqui	Uto-Aztecan	WALK	kaate (2)	kaate	k aː t e					
5634	ZinacantanTzotzil	Mayan	WALK	shanav	shanav	ʃ a n a v			2662	Spanish	k a m i n a ɾ
7123	Qeqchi	Mayan	WALK	b’eek	b’eek	ɓ eː kʰ					
9109	Otomi	Otomanguean	WALK	‘yowa	‘yowa	ˀj o w a					
9110	Otomi	Otomanguean	WALK	'yo (2)	'yo	ˀj o					
9111	Otomi	Otomanguean	WALK	ne’ñu	ne’ñu	n e ʔ ɲ u					
10812	ImbaburaQuechua	Quechuan	WALK	purina	purina	p u ɾ i n a			2662	Spanish	k a m i n a ɾ
12008	Wichi	Matacoan	WALK	yik (2)	yik	y i k					
13288	Mapudungun	Araucanian	WALK	marchay	marchay	m a ɻ tʃ a y	Spanish	marchar			
13289	Mapudungun	Araucanian	WALK	trekan	trekan	ʈʂ e k a n					
37	Portuguese	Indo-European	WAVE	onda	onda	õ d ɐ					
1721	Spanish	Indo-European	WAVE	ola	ola	o l a					
3478	Yaqui	Uto-Aztecan	WAVE	bawero’aktim	bawero’aktim	b a w e r o ʔ a k t i m	Spanish	bawe rodar-PFV-INTR-PL			
6177	Qeqchi	Mayan	WAVE	b’oolha’	b’oolha’	ɓ oː l + h a ʔ					
7956	Otomi	Otomanguean	WAVE	munts'i	munts'i	m u n tsʼ i					
10185	ImbaburaQuechua	Quechuan	WAVE	yaku wambuy	yaku_wambuy	j a k u + w a m b u j					
11345	Wichi	Matacoan	WAVE	komoktaj	komoktaj	k o m o k t a x					
12572	Mapudungun	Araucanian	WAVE	rew	rew	ɻ e w					
84	Portuguese	Indo-European	WEATHER	tempo	tempo	t ẽ p u					
1765	Spanish	Indo-European	WEATHER	tiempo	tiempo	t j e m p o					
3514	Yaqui	Uto-Aztecan	WEATHER	tiempo	tiempo	t i e m p o	Spanish	tiempo	1765	Spanish	t j e m p o
6218	Qeqchi	Mayan	WEATHER	kutan	kutan	k u t a n					
8001	Otomi	Otomanguean	WEATHER	pa (1)	pa	p a					
11373	Wichi	Matacoan	WEATHER	lawhoy	lawhoy	l a w̥ o j					
12613	Mapudungun	Araucanian	WEATHER	antü	antü	a n t ɨ	Aymara	inti			
270	Portuguese	Indo-European	WOLF	lobo	lobo	l ɔ b u					
1962	Spanish	Indo-European	WOLF	lobo	lobo	l o β o					
3681	Yaqui	Uto-Aztecan	WOLF	juya chu’u	juya_chu’u	j u j a + tʃ u ʔ u					
6399	Qeqchi	Mayan	WOLF	lob’o	lob’o	l o ɓ o	Spanish	lobo	1962	Spanish	l o β o
6400	Qeqchi	Mayan	WOLF	aj xoj	aj_xoj	a x + ʃ o x					
8257	Otomi	Otomanguean	WOLF	‘muhu	‘muhu	ˀm u h u					
8258	Otomi	Otomanguean	WOLF	lobo (1)	lobo	l o b o	Spanish	lobo	1962	Spanish	l o β o
8259	Otomi	Otomanguean	WOLF	mi’ño	mi’ño	m i ʔ ɲ o					
10348	ImbaburaQuechua	Quechuan	WOLF	atuk	atuk	a t u k					
11511	Wichi	Matacoan	WOLF	mawutaj	mawutaj	m a w u t a x					
58	Portuguese	Indo-European	WOOD	madeira	madeira	m a d ei ɾ ɐ					
1737	Spanish	Indo-European	WOOD	madera	madera	m a ð ɛ ɾ a					
3491	Yaqui	Uto-Aztecan	WOOD	kuta	kuta	k u t a					
4921	ZinacantanTzotzil	Mayan	WOOD	takite7	takite7	t a k i t e ʔ					
6189	Qeqchi	Mayan	WOOD	che’	che’	tʃ e ʔ					
7971	Otomi	Otomanguean	WOOD	zaa	zaa	z aː					
10193	ImbaburaQuechua	Quechuan	WOOD	kaspi	kaspi	k a s p i					
11351	Wichi	Matacoan	WOOD	hal’o	hal’o	h a l ʔ o					
12584	Mapudungun	Araucanian	WOOD	mamüll	mamüll	m a m ɨ ʎ					
1342	Portuguese	Indo-European	WRINKLED	enrugado	enrugado	ẽ ʁ u ɡ a d u					
3083	Spanish	Indo-European	WRINKLED	arrugado	arrugado	a r u ɣ a ð o					
4565	Yaqui	Uto-Aztecan	WRINKLED	chookarai	chookarai	tʃ oː k a r a i					
5881	ZinacantanTzotzil	Mayan	WRINKLED	puxantik	puxantik	pʰ u ʃ a n t i k					
7517	Qeqchi	Mayan	WRINKLED	mochmo	mochmo	m o tʃ m o					
7518	Qeqchi	Mayan	WRINKLED	mochox	mochox	m o tʃ o ʃ					
9559	Otomi	Otomanguean	WRINKLED	xi nuxki	xi_nuxki	x i + n u x k i					
9560	Otomi	Otomanguean	WRINKLED	xi 'bahni	xi_'bahni	x i + ˀb a h n i					
11048	ImbaburaQuechua	Quechuan	WRINKLED	sipulla	sipulla	s i p u ʒ a					
12262	Wichi	Matacoan	WRINKLED	tasefwilhi	tasefwilhi	t a s e fʷ i lˠ i					
13534	Mapudungun	Araucanian	WRINKLED	müchamkalen	müchamkalen	m ɨ tʃ a m k a l e n					
1272	Portuguese	Indo-European	YEAR	ano	ano	ɐ n u					
3011	Spanish	Indo-European	YEAR	aɲo	aɲo	a ɲ o					
4558	Yaqui	Uto-Aztecan	YEAR	wasuktia	wasuktia	w a s u k t i a					
5878	ZinacantanTzotzil	Mayan	YEAR	habil	habil	h a ɓ i l					
7509	Qeqchi	Mayan	YEAR	hab’	hab’	h a ɓ					
9544	Otomi	Otomanguean	YEAR	je̲ya	je̲ya	x æ j a					
11042	ImbaburaQuechua	Quechuan	YEAR	wata	wata	w a t a					
12256	Wichi	Matacoan	YEAR	nekchom	nekchom	n e k tʃ o m					
13527	Mapudungun	Araucanian	YEAR	tripantu	tripantu	ʈʂ i p a n t u					
